,open,high,low,close
0,7.69,7.85,7.67,
1,11.25,11.26,11.11,
2,11.15,11.4,11.15,
3,18.3,18.72,18.1,
4,6.9,6.99,6.82,
5,28.2,28.3,28.0,
6,35.77,36.5,35.64,
7,38.49,38.99,37.8,
8,50.58,50.69,49.27,
9,12.18,12.33,12.08,
10,0.0,0.0,0.0,
11,36.9,37.34,36.9,
12,20.5,21.1,20.41,
13,10.26,10.31,10.18,
14,93.06,94.34,91.27,
15,13.46,13.63,13.34,
16,27.51,27.95,27.4,
17,32.19,32.75,31.35,
18,11.79,11.94,11.7,
19,20.02,20.26,19.94,
20,16.4,17.3,16.4,
21,28.9,30.6,28.4,
22,27.34,28.35,27.34,
23,31.03,31.45,30.51,
24,14.04,14.16,13.91,
25,43.0,43.19,42.15,
26,45.4,45.7,44.94,
27,40.88,41.8,40.16,
28,26.0,26.99,25.5,
29,28.19,28.43,27.2,
30,53.62,53.83,52.7,
31,25.96,28.6,25.6,
32,15.14,15.46,15.12,
33,27.0,27.35,27.0,
34,28.16,28.48,27.85,
35,19.88,19.99,19.25,
36,17.9,18.23,17.9,
37,18.07,18.19,17.89,
38,28.48,30.73,27.82,
39,17.38,18.88,17.15,
40,28.29,29.33,27.91,
41,32.58,32.59,32.23,
42,35.99,36.3,35.53,
43,15.43,15.8,15.36,
44,38.37,38.93,38.3,
45,8.8,9.19,8.73,
46,28.93,29.35,28.0,
47,24.6,25.2,23.9,
48,29.92,30.54,29.68,
49,57.0,58.67,56.5,
50,42.6,43.98,42.25,
51,14.39,14.61,14.38,
52,23.68,23.86,23.59,
53,26.0,26.0,25.11,
54,19.7,20.29,19.7,
55,15.29,15.57,15.2,
56,63.25,64.53,62.61,
57,31.87,32.48,31.22,
58,45.77,46.17,45.1,
59,25.83,25.83,25.2,
60,17.86,19.09,17.61,
61,16.9,17.29,16.86,
62,27.09,27.6,26.1,
63,21.45,21.75,21.3,
64,76.29,76.31,74.58,
65,39.16,39.16,38.55,
66,16.84,17.09,16.81,
67,36.3,37.19,36.16,
68,22.51,22.51,22.02,
69,50.66,51.46,50.61,
70,20.57,20.79,20.31,
71,12.06,12.19,11.97,
72,22.12,24.96,21.7,
73,14.68,14.73,14.56,
74,24.45,24.6,24.3,
75,12.45,12.65,12.29,
76,119.5,122.02,118.0,
77,18.22,18.42,17.98,
78,9.89,9.9,9.76,
79,15.38,15.86,15.23,
80,30.5,30.86,30.29,
81,17.2,17.25,16.71,
82,34.95,35.3,34.81,
83,17.03,17.28,16.9,
84,14.4,14.67,14.36,
85,12.97,13.3,12.96,
86,59.0,59.44,58.06,
87,31.14,31.19,30.02,
88,29.7,29.92,29.56,
89,36.3,36.7,35.9,
90,23.06,23.9,23.05,
91,34.06,34.44,34.05,
92,18.7,18.76,18.36,
93,52.0,53.18,51.7,
94,16.35,16.69,16.31,
95,80.03,81.49,79.05,
96,17.66,18.29,17.66,
97,21.2,21.79,20.82,
98,14.67,14.78,14.46,
99,35.25,35.75,34.81,
100,14.12,14.3,14.07,
101,16.97,16.99,16.7,
102,7.0,7.06,6.91,
103,26.9,26.9,26.45,
104,59.93,60.39,58.1,
105,18.4,18.76,18.22,
106,15.5,15.72,15.38,
107,7.04,7.05,6.92,
108,13.95,14.14,13.84,
109,59.81,61.7,59.49,
110,24.24,24.3,23.85,
111,71.48,75.0,71.23,
112,36.1,36.1,35.6,
113,61.0,62.1,60.45,
114,23.77,24.08,23.63,
115,22.9,24.2,22.71,
116,30.5,30.8,30.22,
117,20.31,20.47,20.01,
118,39.65,40.44,39.55,
119,27.95,28.16,27.5,
120,11.14,11.16,10.97,
121,28.0,28.23,27.34,
122,49.87,50.14,48.5,
123,26.75,27.8,25.92,
124,20.03,20.25,19.48,
125,29.2,30.88,29.15,
126,16.81,17.23,16.81,
127,19.37,19.72,19.13,
128,19.27,19.95,19.18,
129,20.0,20.1,19.79,
130,39.0,39.09,38.81,
131,20.39,20.54,19.86,
132,15.9,16.47,15.62,
133,15.66,16.18,15.24,
134,26.11,26.35,26.11,
135,35.51,35.91,35.05,
136,20.81,21.48,20.7,
137,25.27,25.48,25.05,
138,27.62,27.9,27.51,
139,24.05,24.2,23.71,
140,16.07,16.97,15.89,
141,19.74,19.74,19.46,
142,11.73,11.85,11.61,
143,21.92,22.14,21.92,
144,31.67,32.29,31.67,
145,20.44,20.52,19.98,
146,68.52,68.97,68.22,
147,34.68,35.19,34.61,
148,55.88,56.65,55.0,
149,53.18,53.47,51.33,
150,31.92,31.97,31.62,
151,10.23,10.23,10.23,
152,21.27,21.5,20.82,
153,44.79,45.25,44.46,
154,33.25,33.77,32.82,
155,24.19,24.5,24.0,
156,11.48,11.74,11.38,
157,18.05,18.24,18.05,
158,27.5,27.63,27.27,
159,14.15,14.27,14.02,
160,28.44,28.95,27.85,
161,34.96,37.97,34.06,
162,9.1,9.5,9.0,
163,23.61,24.29,23.61,
164,15.41,15.77,15.27,
165,13.96,14.2,13.86,
166,50.0,50.79,49.32,
167,21.03,21.25,21.03,
168,8.88,8.96,8.85,
169,11.24,11.35,11.12,
170,40.95,41.04,40.22,
171,11.58,11.68,11.58,
172,28.31,29.06,28.31,
173,34.89,35.24,34.88,
174,52.48,56.56,52.01,
175,13.39,13.42,13.21,
176,14.35,14.41,14.0,
177,19.68,20.28,19.38,
178,0.0,0.0,0.0,
179,76.02,77.1,75.66,
180,46.34,46.84,44.95,
181,12.72,12.94,12.72,
182,24.41,24.99,24.3,
183,31.3,32.1,31.12,
184,30.36,30.95,30.3,
185,63.03,65.43,62.64,
186,32.43,33.79,32.43,
187,13.62,13.71,13.4,
188,24.29,24.44,24.07,
189,21.11,21.68,21.1,
190,14.12,14.28,14.1,
191,22.17,23.78,22.11,
192,38.0,39.2,37.6,
193,12.59,12.59,12.3,
194,15.98,16.23,15.7,
195,36.38,36.55,36.18,
196,17.73,17.85,17.28,
197,26.5,27.27,26.47,
198,19.68,19.7,19.34,
199,26.15,26.34,25.8,
200,44.33,45.8,43.5,
201,8.83,8.93,8.76,
202,29.45,30.3,29.36,
203,0.0,0.0,0.0,
204,20.96,22.48,20.9,
205,18.7,19.6,18.7,
206,39.4,40.49,39.07,
207,43.6,44.3,42.9,
208,39.0,39.0,38.53,
209,40.32,40.57,39.92,
210,20.66,21.2,20.66,
211,41.5,42.52,40.66,
212,25.61,26.85,25.61,
213,24.66,24.99,24.25,
214,34.95,34.96,34.36,
215,17.54,17.75,17.4,
216,19.7,20.6,19.28,
217,54.6,55.44,53.88,
218,75.45,75.9,74.21,
219,15.49,15.5,15.33,
220,183.8,183.8,179.35,
221,0.0,0.0,0.0,
222,25.6,25.77,25.28,
223,31.3,31.88,31.12,
224,15.32,15.5,15.12,
225,15.64,16.0,15.64,
226,41.92,42.28,41.26,
227,37.62,38.75,37.42,
228,12.77,12.9,12.51,
229,18.1,18.5,18.01,
230,60.08,61.98,60.05,
231,16.76,16.89,16.3,
232,21.81,22.15,21.76,
233,44.9,45.09,44.22,
234,20.47,20.58,20.31,
235,22.92,23.3,22.52,
236,39.99,40.28,39.7,
237,15.68,15.7,15.38,
238,47.8,48.56,47.8,
239,19.7,20.16,19.62,
240,5.95,6.02,5.91,
241,23.12,23.99,22.71,
242,16.36,16.98,15.82,
243,21.52,23.28,21.41,
244,34.57,34.72,34.2,
245,37.0,37.2,36.65,
246,21.85,22.11,21.6,
247,49.18,49.53,48.87,
248,24.46,24.46,23.88,
249,23.78,23.94,23.5,
250,78.75,82.5,78.75,
251,51.62,52.38,50.91,
252,23.6,24.18,23.2,
253,11.35,11.41,11.18,
254,6.4,6.4,6.35,
255,19.81,19.86,19.56,
256,35.62,35.96,35.35,
257,16.7,16.7,16.7,
258,14.39,14.66,14.13,
259,19.63,19.78,19.42,
260,8.25,8.33,8.23,
261,46.1,47.15,45.88,
262,12.0,12.13,11.92,
263,25.48,26.18,25.37,
264,29.84,29.96,29.5,
265,14.7,15.09,14.67,
266,14.48,14.58,14.34,
267,13.83,14.8,13.73,
268,26.96,27.15,26.8,
269,15.93,16.88,15.8,
270,18.44,18.58,18.16,
271,16.01,16.39,15.95,
272,28.66,28.78,28.52,
273,38.3,38.88,37.71,
274,14.4,14.5,14.24,
275,8.13,8.19,8.1,
276,9.72,9.81,9.51,
277,16.16,17.18,16.04,
278,19.37,19.8,18.6,
279,53.91,54.48,52.9,
280,38.3,39.36,37.95,
281,15.99,15.99,15.99,
282,23.07,23.3,23.02,
283,18.54,18.77,18.41,
284,25.0,25.3,24.4,
285,28.88,28.99,28.4,
286,25.66,25.9,25.54,
287,57.31,58.5,56.22,
288,32.5,32.69,32.35,
289,19.08,19.5,19.08,
290,23.4,23.78,23.13,
291,51.68,52.68,51.22,
292,48.9,49.77,48.72,
293,17.0,17.08,16.9,
294,53.28,54.68,51.83,
295,5.74,5.81,5.69,
296,30.05,30.14,29.72,
297,35.8,37.3,35.58,
298,23.99,24.4,23.51,
299,14.77,14.86,14.68,
300,22.41,23.42,22.22,
301,42.75,43.47,42.4,
302,40.58,40.79,40.3,
303,41.19,41.98,41.05,
304,31.28,32.11,31.23,
305,17.55,17.65,17.49,
306,56.78,56.79,55.45,
307,11.67,11.74,11.66,
308,16.4,16.6,16.12,
309,16.58,16.89,16.47,
310,24.1,24.17,23.65,
311,39.12,39.79,38.89,
312,24.15,24.28,23.75,
313,133.58,136.2,131.3,
314,36.19,37.21,36.0,
315,14.94,15.24,14.75,
316,21.0,21.79,20.81,
317,8.39,8.4,8.24,
318,14.85,14.96,14.71,
319,11.5,11.58,11.4,
320,8.03,8.08,7.96,
321,57.2,57.6,57.11,
322,98.0,98.85,96.61,
323,24.9,25.45,24.51,
324,18.58,18.62,18.47,
325,17.69,17.92,17.22,
326,25.07,25.3,24.87,
327,44.79,45.15,43.52,
328,42.11,42.4,41.89,
329,32.51,33.27,32.2,
330,20.98,21.5,20.95,
331,26.86,26.95,26.51,
332,8.2,8.32,8.14,
333,56.0,58.36,55.98,
334,9.76,9.86,9.67,
335,7.65,7.69,7.58,
336,8.76,8.84,8.69,
337,9.76,9.84,9.7,
338,15.36,15.52,15.35,
339,22.66,23.12,22.49,
340,13.54,14.4,13.43,
341,26.8,26.82,26.21,
342,12.25,13.09,12.13,
343,24.81,24.98,24.5,
344,28.79,29.0,28.58,
345,13.5,13.69,13.4,
346,9.98,10.09,9.97,
347,11.99,12.08,11.82,
348,17.66,18.0,17.66,
349,66.93,68.3,66.28,
350,19.74,20.0,19.48,
351,24.04,24.17,23.75,
352,41.37,41.8,40.82,
353,38.41,38.46,37.7,
354,25.9,26.37,25.9,
355,47.5,48.5,47.0,
356,26.33,27.27,26.15,
357,0.0,0.0,0.0,
358,74.88,77.49,74.01,
359,2.0,2.04,2.0,
360,38.55,39.88,37.5,
361,12.79,12.85,12.67,
362,13.67,13.88,13.45,
363,13.31,13.55,13.25,
364,18.04,18.17,17.88,
365,22.09,22.09,21.7,
366,12.29,12.47,12.12,
367,16.67,16.87,16.5,
368,19.65,20.31,19.64,
369,19.58,19.69,19.37,
370,29.25,29.6,28.9,
371,22.42,22.7,22.31,
372,66.8,67.49,66.0,
373,63.7,65.5,63.7,
374,43.03,43.3,42.34,
375,26.78,26.8,26.41,
376,17.5,18.24,17.5,
377,15.58,15.83,15.38,
378,18.91,19.14,18.65,
379,0.0,0.0,0.0,
380,24.0,24.35,24.0,
381,8.18,8.41,8.1,
382,20.54,20.82,20.24,
383,10.33,10.44,10.23,
384,18.08,18.58,17.99,
385,24.89,25.04,24.62,
386,29.6,30.67,29.6,
387,8.19,9.01,8.1,
388,12.24,12.37,12.21,
389,0.0,0.0,0.0,
390,12.26,12.38,12.2,
391,40.83,41.31,39.81,
392,28.5,28.78,28.13,
393,16.46,16.47,16.02,
394,32.53,32.53,32.53,
395,8.45,8.46,8.31,
396,7.49,7.5,7.4,
397,10.99,11.04,10.89,
398,27.15,27.47,26.7,
399,10.31,10.78,10.1,
400,18.6,19.18,18.51,
401,12.55,12.98,12.55,
402,15.33,15.33,15.05,
403,38.81,38.81,34.77,
404,12.06,12.15,11.85,
405,6.27,6.4,6.24,
406,14.48,14.72,14.48,
407,10.83,10.94,10.83,
408,7.43,7.47,7.41,
409,6.2,6.34,6.18,
410,13.4,13.7,13.36,
411,4.84,5.06,4.83,
412,5.45,5.63,5.42,
413,4.15,4.2,4.15,
414,6.0,6.11,6.0,
415,3.98,4.05,3.93,
416,7.35,7.41,7.35,
417,8.82,9.0,8.68,
418,5.19,5.25,5.14,
419,17.52,18.0,17.38,
420,8.54,8.55,8.4,
421,7.25,7.3,7.2,
422,14.14,14.2,13.42,
423,7.51,7.62,7.41,
424,7.69,8.0,7.64,
425,10.17,10.17,9.95,
426,2.96,2.99,2.95,
427,8.14,8.18,8.1,
428,6.83,6.93,6.77,
429,3.89,3.94,3.88,
430,5.38,5.49,5.35,
431,6.9,7.01,6.9,
432,11.64,11.75,11.61,
433,4.66,4.78,4.48,
434,5.72,5.83,5.71,
435,6.41,6.48,6.41,
436,43.75,44.0,42.82,
437,8.66,8.84,8.63,
438,12.88,13.37,12.43,
439,10.5,10.71,10.49,
440,2.79,2.81,2.79,
441,16.77,16.87,16.56,
442,26.1,26.66,25.82,
443,4.39,4.45,4.37,
444,3.41,3.47,3.39,
445,10.85,10.87,10.54,
446,8.09,8.33,8.08,
447,4.05,4.12,4.04,
448,13.42,13.49,13.32,
449,10.57,10.81,10.51,
450,10.58,10.74,10.58,
451,12.89,13.18,12.84,
452,49.75,52.99,49.23,
453,9.51,9.52,9.41,
454,4.52,4.57,4.51,
455,13.45,13.65,13.4,
456,7.27,7.35,7.25,
457,12.37,12.85,12.33,
458,6.68,6.9,6.68,
459,6.73,6.81,6.73,
460,6.62,6.78,6.54,
461,8.06,8.12,8.0,
462,11.55,12.38,11.55,
463,24.77,25.23,24.73,
464,17.31,18.15,17.3,
465,8.12,8.57,8.06,
466,12.97,13.13,12.96,
467,7.22,7.4,7.22,
468,9.01,9.27,9.0,
469,6.41,6.75,6.32,
470,6.29,6.86,6.21,
471,11.6,12.32,11.52,
472,30.52,30.84,30.27,
473,0.0,0.0,0.0,
474,4.84,4.87,4.81,
475,3.92,3.95,3.9,
476,10.26,10.57,10.23,
477,4.12,4.19,4.11,
478,24.28,24.33,23.9,
479,41.58,42.65,41.15,
480,0.0,0.0,0.0,
481,6.66,6.73,6.63,
482,20.0,20.38,19.92,
483,5.77,5.86,5.74,
484,11.77,11.89,11.73,
485,9.73,9.82,9.69,
486,14.21,14.35,14.15,
487,9.78,9.84,9.73,
488,3.53,3.58,3.53,
489,9.79,9.95,9.69,
490,10.02,10.14,9.94,
491,6.19,6.39,6.11,
492,8.41,8.54,8.41,
493,4.33,4.37,4.24,
494,7.32,7.34,7.26,
495,6.15,6.32,6.09,
496,0.0,0.0,0.0,
497,9.08,9.18,9.06,
498,10.52,10.59,10.45,
499,5.27,5.37,5.25,
500,70.21,71.82,68.97,
501,5.6,5.69,5.54,
502,6.21,6.35,6.2,
503,6.19,6.3,6.13,
504,70.21,72.8,70.18,
505,49.0,50.57,47.8,
506,13.24,13.37,13.16,
507,3.84,3.94,3.77,
508,2.51,2.53,2.5,
509,24.68,24.98,24.67,
510,22.7,24.74,22.7,
511,15.81,15.82,15.47,
512,14.23,14.41,14.22,
513,6.08,6.12,6.05,
514,5.48,5.5,5.42,
515,8.28,8.65,8.23,
516,10.47,10.48,9.7,
517,3.57,3.62,3.56,
518,0.0,0.0,0.0,
519,6.73,6.92,6.73,
520,18.53,18.75,18.47,
521,6.27,6.29,6.23,
522,24.93,25.14,24.78,
523,5.64,5.69,5.63,
524,14.42,14.66,14.42,
525,4.11,4.15,4.1,
526,11.16,11.47,11.16,
527,4.37,4.43,4.35,
528,8.99,9.02,8.87,
529,7.13,7.23,7.12,
530,8.26,8.35,8.19,
531,17.05,17.29,17.01,
532,20.44,20.55,20.3,
533,6.47,6.52,6.46,
534,29.55,30.66,28.92,
535,8.11,8.33,8.04,
536,11.49,11.76,11.41,
537,7.13,7.21,7.12,
538,20.13,20.37,20.1,
539,7.82,7.89,7.78,
540,5.56,5.65,5.54,
541,6.76,6.99,6.73,
542,20.94,21.14,20.73,
543,14.41,14.58,14.18,
544,12.32,12.33,11.52,
545,18.41,18.68,18.2,
546,4.12,4.17,4.12,
547,8.15,8.45,8.09,
548,27.34,29.85,27.34,
549,3.64,3.67,3.63,
550,13.82,13.92,13.74,
551,23.3,23.86,23.18,
552,8.22,8.38,8.1,
553,15.95,16.05,15.49,
554,3.67,3.79,3.62,
555,8.4,8.65,8.31,
556,9.07,9.18,9.04,
557,37.25,38.22,37.1,
558,20.5,20.69,20.25,
559,12.93,13.03,12.71,
560,5.31,5.35,5.29,
561,3.27,3.31,3.26,
562,10.45,10.89,10.4,
563,36.8,36.96,34.53,
564,8.89,9.22,8.78,
565,4.04,4.09,4.04,
566,7.76,7.85,7.73,
567,4.7,4.75,4.68,
568,10.7,10.72,10.67,
569,9.15,9.24,9.07,
570,0.0,0.0,0.0,
571,10.86,11.08,10.76,
572,6.08,6.31,6.05,
573,4.68,4.83,4.67,
574,17.18,17.65,17.05,
575,18.95,19.4,18.9,
576,6.17,6.37,6.16,
577,9.92,10.04,9.81,
578,9.12,9.41,9.12,
579,20.57,20.91,20.51,
580,10.86,10.94,10.82,
581,58.36,59.36,57.91,
582,6.48,6.52,6.32,
583,11.3,11.56,11.25,
584,10.96,11.13,10.87,
585,12.94,13.68,12.94,
586,7.21,7.5,7.15,
587,4.31,4.36,4.3,
588,5.75,5.79,5.69,
589,15.71,15.74,15.41,
590,5.37,5.45,5.36,
591,9.08,9.26,9.01,
592,15.39,15.65,15.33,
593,23.54,23.69,23.37,
594,5.75,5.78,5.73,
595,5.06,5.06,5.01,
596,10.47,10.92,10.46,
597,9.9,10.31,9.7,
598,12.38,12.47,12.37,
599,12.07,12.3,11.98,
600,6.0,6.14,5.95,
601,10.69,10.86,10.69,
602,6.47,6.62,6.42,
603,8.57,8.59,8.43,
604,0.0,0.0,0.0,
605,8.18,8.29,8.12,
606,13.91,14.08,13.81,
607,7.35,7.56,7.35,
608,6.87,6.88,6.82,
609,15.39,15.47,15.21,
610,11.62,11.79,11.54,
611,7.33,7.45,7.33,
612,11.15,11.75,11.08,
613,7.32,7.4,7.26,
614,7.9,7.96,7.88,
615,16.01,18.55,15.64,
616,15.69,15.83,15.59,
617,12.02,12.05,11.81,
618,22.48,22.6,22.37,
619,7.04,7.18,7.0,
620,14.31,14.59,14.31,
621,9.35,9.47,9.35,
622,27.1,27.13,26.61,
623,9.37,9.42,9.33,
624,7.64,7.69,7.56,
625,9.75,10.15,9.43,
626,8.42,8.67,8.37,
627,6.62,6.76,6.56,
628,32.41,32.54,31.38,
629,7.33,7.44,7.32,
630,41.5,43.5,41.5,
631,19.43,19.56,19.27,
632,9.44,9.74,9.39,
633,9.07,9.24,9.07,
634,5.28,5.38,5.28,
635,5.26,5.37,5.25,
636,7.85,7.9,7.83,
637,20.09,21.05,20.02,
638,11.23,11.34,11.15,
639,13.03,13.25,12.97,
640,5.16,5.46,5.16,
641,24.73,25.05,24.58,
642,2.69,2.72,2.68,
643,5.73,5.78,5.73,
644,4.01,4.06,4.0,
645,22.9,23.4,22.75,
646,4.62,4.68,4.61,
647,7.79,7.85,7.75,
648,7.91,7.99,7.88,
649,2.97,2.99,2.97,
650,9.68,9.79,9.6,
651,9.48,9.59,9.45,
652,0.0,0.0,0.0,
653,7.3,7.37,7.29,
654,9.25,9.3,9.03,
655,11.71,11.95,11.62,
656,14.83,15.1,14.81,
657,5.51,6.14,5.51,
658,4.84,4.88,4.82,
659,10.78,10.83,10.66,
660,19.89,19.95,19.65,
661,22.3,22.54,22.05,
662,9.61,9.74,9.51,
663,18.58,18.78,18.26,
664,10.52,10.72,10.52,
665,12.2,12.45,12.18,
666,3.49,3.52,3.47,
667,9.88,9.94,9.8,
668,12.89,13.1,12.89,
669,5.09,5.16,5.09,
670,24.51,25.18,24.48,
671,9.46,9.48,9.42,
672,13.92,14.08,13.85,
673,8.16,8.24,8.13,
674,9.55,9.65,9.47,
675,0.0,0.0,0.0,
676,6.2,6.27,6.17,
677,13.49,13.67,13.45,
678,13.24,13.35,13.13,
679,6.19,6.31,6.16,
680,4.85,4.87,4.82,
681,4.96,5.15,4.95,
682,13.2,13.34,13.0,
683,6.95,6.98,6.87,
684,8.36,8.59,8.31,
685,5.53,5.68,5.5,
686,0.0,0.0,0.0,
687,13.08,13.26,13.07,
688,9.07,9.15,8.92,
689,4.96,5.02,4.94,
690,4.58,4.64,4.58,
691,7.04,7.44,7.0,
692,56.51,57.18,55.8,
693,4.13,4.29,4.11,
694,0.0,0.0,0.0,
695,6.11,6.17,6.09,
696,17.09,17.76,17.06,
697,15.12,15.49,14.95,
698,7.3,8.0,7.26,
699,14.25,15.54,14.08,
700,6.52,6.59,6.48,
701,5.04,5.12,5.04,
702,11.83,11.93,11.75,
703,7.36,7.53,7.31,
704,3.12,3.15,3.11,
705,0.0,0.0,0.0,
706,4.25,4.35,4.25,
707,6.92,7.24,6.87,
708,5.97,6.02,5.97,
709,7.97,8.2,7.82,
710,11.0,11.33,10.97,
711,20.95,21.3,20.7,
712,5.37,5.47,5.37,
713,15.36,15.41,15.21,
714,6.58,6.95,6.47,
715,23.0,23.0,22.36,
716,4.75,4.8,4.71,
717,6.02,6.05,5.93,
718,3.72,3.91,3.66,
719,7.21,7.33,7.19,
720,7.89,7.98,7.85,
721,19.74,19.88,19.63,
722,11.71,11.94,11.69,
723,40.99,41.18,40.46,
724,7.58,7.67,7.56,
725,6.01,6.05,5.94,
726,14.69,14.82,14.63,
727,9.19,9.26,9.06,
728,12.04,12.16,11.99,
729,27.9,28.2,27.71,
730,32.4,32.6,31.86,
731,10.54,10.77,10.4,
732,35.27,35.75,34.8,
733,4.3,4.43,4.29,
734,7.41,7.57,7.39,
735,6.95,7.02,6.93,
736,17.82,18.08,17.82,
737,10.06,10.25,10.03,
738,32.31,33.06,31.48,
739,30.04,30.44,30.04,
740,6.11,6.2,6.07,
741,25.51,26.05,25.47,
742,19.91,20.49,19.5,
743,6.36,6.44,6.31,
744,8.17,8.38,8.15,
745,33.7,34.0,31.49,
746,3.77,3.82,3.76,
747,3.67,3.83,3.67,
748,16.51,16.8,16.41,
749,29.69,29.7,27.6,
750,9.84,10.4,9.84,
751,17.55,17.76,17.45,
752,7.86,8.0,7.86,
753,7.98,8.05,7.95,
754,5.92,6.06,5.91,
755,11.19,11.58,11.16,
756,0.0,0.0,0.0,
757,7.06,7.3,6.97,
758,6.75,6.83,6.73,
759,25.08,25.18,24.81,
760,8.25,8.29,8.19,
761,7.47,8.23,7.45,
762,3.17,3.19,3.16,
763,3.79,3.85,3.76,
764,8.2,8.29,8.19,
765,10.49,10.64,10.33,
766,10.41,11.11,10.36,
767,6.16,6.41,6.15,
768,14.69,14.83,14.68,
769,10.5,10.6,10.5,
770,5.52,5.61,5.5,
771,9.05,9.15,9.01,
772,6.22,6.29,6.22,
773,7.86,7.92,7.78,
774,8.65,8.89,8.61,
775,6.88,7.35,6.86,
776,7.37,7.54,7.35,
777,19.19,19.21,19.05,
778,5.51,5.55,5.47,
779,6.84,6.98,6.83,
780,25.61,25.76,24.71,
781,46.17,46.65,45.2,
782,10.19,10.19,10.07,
783,32.9,33.37,32.47,
784,7.93,8.27,7.84,
785,25.76,26.2,25.71,
786,0.0,0.0,0.0,
787,33.63,33.95,33.6,
788,10.26,10.26,10.06,
789,10.02,10.13,9.95,
790,18.95,19.18,18.79,
791,11.43,11.58,11.32,
792,6.33,6.62,6.33,
793,11.79,11.79,11.55,
794,0.0,0.0,0.0,
795,0.0,0.0,0.0,
796,6.2,6.29,6.15,
797,5.67,6.07,5.61,
798,37.77,37.97,37.17,
799,13.6,13.73,13.44,
800,19.47,19.65,19.3,
801,11.15,11.38,11.05,
802,11.05,11.27,11.05,
803,6.57,6.65,6.56,
804,6.18,6.27,6.16,
805,10.22,10.48,10.16,
806,6.8,6.88,6.76,
807,0.0,0.0,0.0,
808,15.85,16.56,15.82,
809,9.02,9.14,8.8,
810,0.0,0.0,0.0,
811,4.27,4.39,4.27,
812,0.0,0.0,0.0,
813,19.11,19.5,19.04,
814,5.6,5.63,5.56,
815,25.45,25.76,24.92,
816,29.1,29.9,29.1,
817,11.07,11.16,11.03,
818,5.58,5.78,5.58,
819,10.74,11.13,10.74,
820,2.69,2.71,2.68,
821,7.29,7.39,7.21,
822,9.26,9.55,9.17,
823,14.56,14.66,14.46,
824,8.79,8.96,8.79,
825,18.44,18.58,18.28,
826,18.36,18.54,18.2,
827,0.0,0.0,0.0,
828,11.13,11.18,10.88,
829,5.89,5.93,5.87,
830,13.39,13.72,13.35,
831,14.61,14.68,14.41,
832,16.95,17.08,16.84,
833,14.58,15.12,14.58,
834,16.67,16.85,16.67,
835,4.78,4.85,4.78,
836,0.0,0.0,0.0,
837,15.12,15.34,15.12,
838,10.32,10.65,10.28,
839,15.36,15.37,15.22,
840,10.18,10.29,10.13,
841,7.7,7.77,7.63,
842,6.64,6.76,6.63,
843,8.54,8.6,8.49,
844,18.0,18.68,17.65,
845,12.61,12.7,12.46,
846,10.66,10.85,10.55,
847,11.41,11.63,11.32,
848,10.85,11.22,10.83,
849,8.29,8.42,8.15,
850,9.48,9.63,9.4,
851,13.26,13.31,13.16,
852,0.0,0.0,0.0,
853,8.36,8.42,8.33,
854,41.0,41.7,41.0,
855,5.0,5.07,4.99,
856,5.43,5.67,5.43,
857,5.73,6.07,5.61,
858,7.38,7.97,7.37,
859,13.6,13.65,13.48,
860,7.2,7.44,7.17,
861,6.76,6.9,6.76,
862,6.85,7.26,6.84,
863,3.64,3.68,3.63,
864,39.5,39.9,38.94,
865,21.1,21.2,21.0,
866,10.79,10.79,10.6,
867,15.19,15.3,14.96,
868,9.25,9.84,9.17,
869,5.39,5.45,5.26,
870,10.22,10.26,10.16,
871,27.7,27.72,27.39,
872,9.78,10.02,9.73,
873,10.65,10.91,10.65,
874,6.07,6.13,6.06,
875,21.31,21.64,21.16,
876,16.8,16.95,16.75,
877,4.57,4.63,4.53,
878,29.8,32.1,29.53,
879,21.46,22.1,21.2,
880,6.18,6.32,6.16,
881,4.64,4.78,4.63,
882,13.71,14.69,13.46,
883,8.01,8.2,8.0,
884,16.12,16.12,13.71,
885,3.71,3.74,3.71,
886,3.76,3.81,3.75,
887,7.56,7.64,7.42,
888,0.0,0.0,0.0,
889,9.1,9.13,8.9,
890,7.04,7.22,7.03,
891,10.73,10.76,10.59,
892,46.46,47.83,46.2,
893,4.71,4.99,4.67,
894,7.6,7.77,7.54,
895,4.35,4.49,4.32,
896,38.2,38.48,38.09,
897,3.99,4.07,3.99,
898,50.81,50.82,48.8,
899,24.01,24.38,23.72,
900,8.23,8.29,8.15,
901,10.38,10.41,10.29,
902,31.0,31.27,30.03,
903,6.02,6.1,5.99,
904,13.49,13.55,13.46,
905,4.65,4.73,4.65,
906,7.35,7.47,7.26,
907,11.93,12.45,11.84,
908,6.26,6.41,6.23,
909,25.75,26.24,25.4,
910,8.96,9.13,8.96,
911,31.46,31.66,31.02,
912,4.88,5.04,4.85,
913,10.9,10.98,10.74,
914,9.79,9.86,9.66,
915,5.6,5.69,5.54,
916,4.8,4.87,4.8,
917,16.59,16.79,16.41,
918,35.62,35.86,35.45,
919,4.86,5.08,4.85,
920,10.01,10.36,9.99,
921,6.52,6.56,6.42,
922,0.0,0.0,0.0,
923,22.11,22.33,21.74,
924,12.2,12.58,12.2,
925,4.75,4.84,4.71,
926,10.02,10.08,9.95,
927,0.0,0.0,0.0,
928,16.28,16.55,16.2,
929,14.01,14.1,13.52,
930,30.96,31.32,30.2,
931,24.88,25.2,24.31,
932,700.0,710.16,689.89,
933,22.28,22.44,22.16,
934,6.5,6.52,6.38,
935,29.25,29.9,28.28,
936,11.83,12.1,11.75,
937,8.7,8.8,8.62,
938,4.42,4.55,4.36,
939,27.79,28.25,27.69,
940,6.63,6.85,6.61,
941,6.86,6.96,6.83,
942,12.1,12.51,12.1,
943,12.79,13.96,12.69,
944,13.79,13.82,13.5,
945,7.22,7.45,7.21,
946,6.55,6.67,6.53,
947,6.94,7.03,6.87,
948,12.16,12.29,12.16,
949,8.46,8.66,8.41,
950,11.42,11.54,11.14,
951,28.85,29.15,28.34,
952,7.17,7.29,7.03,
953,4.22,4.27,4.19,
954,6.61,6.76,6.61,
955,7.96,8.0,7.86,
956,9.47,9.74,9.46,
957,8.49,8.64,8.49,
958,9.96,10.04,9.87,
959,4.82,4.85,4.8,
960,40.53,40.63,39.34,
961,50.0,53.6,50.0,
962,0.0,0.0,0.0,
963,7.55,7.61,7.52,
964,24.99,25.15,24.84,
965,4.04,4.07,4.0,
966,15.51,15.82,15.49,
967,14.02,14.13,14.01,
968,7.38,7.41,7.26,
969,10.75,10.9,10.6,
970,16.3,16.3,16.05,
971,14.47,14.65,14.4,
972,5.7,6.1,5.65,
973,0.0,0.0,0.0,
974,6.44,6.57,6.43,
975,3.11,3.16,3.1,
976,9.4,9.83,9.4,
977,11.16,11.38,11.12,
978,4.53,4.58,4.5,
979,6.42,6.46,6.37,
980,15.45,15.98,15.0,
981,22.3,22.72,22.01,
982,10.12,10.41,10.12,
983,23.66,24.43,23.16,
984,35.82,35.96,35.01,
985,34.2,34.58,33.89,
986,11.36,11.95,11.33,
987,5.55,5.55,5.51,
988,15.08,15.35,14.94,
989,5.58,5.59,5.53,
990,12.2,12.86,11.97,
991,63.05,65.69,63.05,
992,12.37,12.5,12.3,
993,4.64,4.7,4.62,
994,6.42,6.44,6.34,
995,5.61,5.76,5.61,
996,15.96,17.51,15.96,
997,9.19,9.21,9.14,
998,0.0,0.0,0.0,
999,12.65,12.83,12.47,
1000,45.4,46.78,45.4,
1001,9.46,9.59,9.39,
1002,12.4,12.49,12.25,
1003,5.79,5.86,5.79,
1004,10.54,10.57,10.41,
1005,9.63,10.07,9.55,
1006,18.31,18.44,18.08,
1007,6.52,6.61,6.5,
1008,7.19,7.2,7.15,
1009,5.58,5.74,5.56,
1010,9.68,9.93,9.65,
1011,3.88,3.96,3.88,
1012,3.1,3.13,3.08,
1013,6.86,7.08,6.84,
1014,6.31,6.49,6.31,
1015,18.81,19.37,18.56,
1016,19.8,19.95,19.72,
1017,11.79,11.95,11.77,
1018,17.47,18.08,17.4,
1019,17.31,17.76,16.95,
1020,10.68,10.81,10.56,
1021,5.1,5.2,5.1,
1022,12.7,12.7,12.48,
1023,12.86,13.89,12.86,
1024,12.57,12.76,12.57,
1025,10.57,10.66,10.46,
1026,11.19,11.4,11.13,
1027,11.18,11.23,10.9,
1028,0.0,0.0,0.0,
1029,9.85,9.9,9.75,
1030,9.31,9.61,9.3,
1031,5.33,5.41,5.31,
1032,16.96,17.1,16.83,
1033,13.74,13.84,13.67,
1034,10.7,10.75,10.5,
1035,3.14,3.22,3.12,
1036,4.66,4.69,4.63,
1037,5.28,5.36,5.26,
1038,11.33,11.56,11.29,
1039,17.55,17.88,17.29,
1040,0.0,0.0,0.0,
1041,12.69,12.84,12.57,
1042,20.25,20.71,20.1,
1043,5.43,5.51,5.41,
1044,7.97,8.04,7.83,
1045,6.84,6.86,6.73,
1046,6.53,6.6,6.45,
1047,8.3,8.48,8.28,
1048,8.6,8.64,8.59,
1049,7.33,7.33,7.23,
1050,6.11,6.71,6.07,
1051,11.91,12.25,11.78,
1052,7.47,7.49,7.37,
1053,5.99,6.07,5.96,
1054,7.37,7.61,7.35,
1055,12.28,13.45,12.2,
1056,27.72,27.87,26.83,
1057,12.93,13.09,12.93,
1058,31.53,32.88,31.53,
1059,5.8,5.96,5.72,
1060,41.72,42.26,41.09,
1061,6.07,6.08,5.97,
1062,5.04,5.07,4.98,
1063,11.27,11.5,11.27,
1064,8.06,8.52,7.92,
1065,0.0,0.0,0.0,
1066,5.19,5.26,5.14,
1067,11.07,11.12,10.75,
1068,14.88,15.09,14.88,
1069,0.0,0.0,0.0,
1070,7.47,7.56,7.46,
1071,10.29,10.45,10.14,
1072,7.32,7.7,7.32,
1073,16.0,16.17,15.85,
1074,6.45,6.56,6.32,
1075,3.97,4.05,3.97,
1076,6.16,6.32,6.16,
1077,10.1,10.2,10.02,
1078,12.7,13.25,12.62,
1079,3.39,3.4,3.35,
1080,14.19,14.35,14.14,
1081,36.41,36.5,35.88,
1082,3.19,3.22,3.17,
1083,10.0,10.07,9.95,
1084,5.18,5.26,5.16,
1085,0.0,0.0,0.0,
1086,6.29,6.48,6.24,
1087,2.87,2.92,2.85,
1088,10.91,10.98,10.72,
1089,11.83,11.96,11.69,
1090,9.25,9.41,9.24,
1091,5.94,6.05,5.92,
1092,4.38,4.43,4.37,
1093,10.13,10.57,10.13,
1094,32.58,32.91,31.8,
1095,7.96,8.08,7.95,
1096,14.38,14.77,14.05,
1097,7.9,7.94,7.82,
1098,8.98,9.06,8.94,
1099,23.58,24.16,23.46,
1100,13.24,13.32,12.88,
1101,8.76,8.79,8.71,
1102,7.32,7.4,7.27,
1103,9.3,9.47,9.23,
1104,9.3,9.43,9.3,
1105,12.24,12.55,12.1,
1106,4.85,5.12,4.83,
1107,5.6,5.63,5.53,
1108,7.9,8.01,7.86,
1109,5.87,5.93,5.82,
1110,11.88,11.98,11.74,
1111,6.44,6.57,6.44,
1112,69.42,69.85,68.2,
1113,0.0,0.0,0.0,
1114,10.67,10.75,10.6,
1115,21.49,21.74,21.06,
1116,0.0,0.0,0.0,
1117,5.12,5.18,5.12,
1118,5.45,5.47,5.4,
1119,15.16,15.38,14.97,
1120,13.09,13.57,13.09,
1121,19.84,19.99,19.65,
1122,5.52,5.6,5.46,
1123,29.1,29.56,28.92,
1124,39.39,39.86,39.02,
1125,27.05,27.05,26.68,
1126,0.0,0.0,0.0,
1127,5.06,5.21,5.0,
1128,3.8,3.9,3.77,
1129,4.34,4.37,4.3,
1130,7.82,7.88,7.75,
1131,12.36,12.48,12.03,
1132,6.65,6.84,6.58,
1133,0.0,0.0,0.0,
1134,3.99,4.09,3.99,
1135,6.86,6.89,6.81,
1136,10.13,10.36,10.13,
1137,8.6,8.79,8.57,
1138,0.0,0.0,0.0,
1139,8.17,8.26,8.01,
1140,5.36,5.41,5.32,
1141,5.75,5.76,5.68,
1142,6.62,6.63,6.5,
1143,16.75,16.99,16.75,
1144,7.71,7.81,7.71,
1145,5.09,5.36,5.08,
1146,42.56,43.49,41.8,
1147,7.7,7.82,7.66,
1148,0.0,0.0,0.0,
1149,0.0,0.0,0.0,
1150,3.88,3.97,3.87,
1151,5.32,5.38,5.32,
1152,3.19,3.2,3.17,
1153,3.06,3.09,3.05,
1154,3.7,3.75,3.68,
1155,7.16,7.18,7.08,
1156,13.42,14.18,13.25,
1157,10.7,10.82,10.65,
1158,10.7,11.41,10.45,
1159,9.46,9.46,9.16,
1160,33.53,33.97,33.33,
1161,4.78,4.83,4.75,
1162,10.03,10.15,9.7,
1163,5.24,5.37,5.13,
1164,6.76,6.85,6.71,
1165,12.0,12.16,11.73,
1166,8.9,9.14,8.9,
1167,6.13,6.21,6.07,
1168,31.87,31.96,31.27,
1169,11.54,11.59,11.33,
1170,7.68,7.78,7.66,
1171,11.3,11.37,11.19,
1172,23.41,23.49,22.85,
1173,44.66,45.17,43.35,
1174,19.66,20.0,19.65,
1175,5.4,5.49,5.33,
1176,6.51,6.61,6.48,
1177,7.32,7.4,7.29,
1178,4.15,4.18,4.14,
1179,7.27,7.38,7.24,
1180,14.58,15.97,14.47,
1181,0.0,0.0,0.0,
1182,3.05,3.07,3.04,
1183,5.66,5.89,5.66,
1184,18.38,18.66,18.16,
1185,17.7,18.53,17.35,
1186,23.98,24.1,23.82,
1187,10.43,10.48,10.26,
1188,24.9,24.9,24.47,
1189,6.72,6.84,6.66,
1190,9.15,9.46,9.15,
1191,16.5,17.92,16.33,
1192,5.23,5.27,5.18,
1193,5.8,6.05,5.8,
1194,8.88,9.07,8.81,
1195,16.31,16.44,15.88,
1196,3.72,3.76,3.72,
1197,3.48,3.55,3.47,
1198,8.4,8.57,8.39,
1199,23.4,23.57,23.02,
1200,2.81,2.84,2.8,
1201,0.0,0.0,0.0,
1202,0.0,0.0,0.0,
1203,28.98,30.33,28.95,
1204,10.68,11.07,10.66,
1205,3.83,3.95,3.8,
1206,10.29,10.45,10.26,
1207,0.0,0.0,0.0,
1208,5.31,5.39,5.25,
1209,10.25,10.38,10.25,
1210,11.12,11.46,11.08,
1211,7.75,7.97,7.72,
1212,7.63,7.66,7.55,
1213,0.0,0.0,0.0,
1214,24.59,25.17,24.49,
1215,0.0,0.0,0.0,
1216,6.61,6.8,6.58,
1217,16.96,17.95,16.86,
1218,7.25,7.75,7.16,
1219,20.96,21.44,20.96,
1220,25.7,25.7,25.29,
1221,13.95,14.17,13.88,
1222,10.92,11.05,10.85,
1223,9.29,9.33,9.21,
1224,20.9,21.11,20.51,
1225,6.91,7.04,6.91,
1226,7.24,7.35,7.17,
1227,16.41,16.46,16.18,
1228,9.48,9.55,9.39,
1229,4.53,4.59,4.53,
1230,6.84,7.0,6.78,
1231,10.86,11.14,10.71,
1232,9.22,9.57,9.21,
1233,9.69,9.85,9.66,
1234,24.68,24.81,24.53,
1235,13.63,13.76,13.62,
1236,25.3,25.44,25.2,
1237,5.56,5.9,5.45,
1238,8.91,9.19,8.85,
1239,8.18,8.25,7.88,
1240,15.9,16.26,15.86,
1241,10.28,10.4,10.2,
1242,14.6,14.99,14.4,
1243,9.45,9.57,9.36,
1244,9.55,9.68,9.54,
1245,4.12,4.13,4.06,
1246,12.6,12.83,12.53,
1247,4.26,4.3,4.25,
1248,6.64,6.64,6.53,
1249,31.72,31.9,31.53,
1250,3.75,3.81,3.73,
1251,9.21,9.48,9.12,
1252,9.83,9.87,9.76,
1253,9.72,9.77,9.61,
1254,7.06,7.11,7.04,
1255,16.89,17.0,16.8,
1256,7.18,7.56,7.15,
1257,6.21,6.27,6.17,
1258,6.94,7.11,6.93,
1259,10.76,10.89,10.61,
1260,7.85,7.96,7.78,
1261,9.91,10.07,9.86,
1262,13.19,13.3,12.95,
1263,10.64,11.07,10.61,
1264,32.25,32.53,32.1,
1265,0.0,0.0,0.0,
1266,20.27,20.27,19.57,
1267,6.02,6.07,5.96,
1268,12.01,12.13,11.91,
1269,8.12,8.25,8.07,
1270,18.11,18.28,17.93,
1271,5.29,5.53,5.26,
1272,3.56,3.72,3.56,
1273,7.36,7.57,7.34,
1274,7.78,8.05,7.66,
1275,8.14,8.27,8.06,
1276,13.0,13.12,12.95,
1277,9.7,9.7,9.49,
1278,8.2,8.47,8.19,
1279,6.52,6.63,6.5,
1280,24.25,24.54,23.89,
1281,14.25,14.38,14.2,
1282,3.74,3.84,3.73,
1283,24.9,25.0,23.92,
1284,13.19,13.32,13.16,
1285,15.03,15.3,14.96,
1286,9.43,9.44,9.32,
1287,12.11,12.15,12.0,
1288,8.09,8.1,7.96,
1289,24.91,25.18,24.79,
1290,16.0,16.1,15.62,
1291,14.29,14.43,14.19,
1292,24.0,24.27,23.61,
1293,3.79,3.9,3.77,
1294,9.45,9.57,9.41,
1295,6.35,6.45,6.34,
1296,14.3,15.08,14.3,
1297,4.07,4.11,4.06,
1298,46.72,47.06,46.23,
1299,13.02,13.11,12.92,
1300,29.02,30.06,29.02,
1301,5.2,5.3,5.18,
1302,3.65,3.69,3.64,
1303,9.16,9.68,9.16,
1304,18.13,18.52,18.13,
1305,11.89,11.9,11.18,
1306,6.16,6.47,6.16,
1307,3.71,3.75,3.7,
1308,6.11,6.23,6.1,
1309,5.21,5.49,5.17,
1310,5.33,5.38,5.32,
1311,2.14,2.18,2.13,
1312,9.15,9.23,9.15,
1313,4.86,5.02,4.85,
1314,8.69,8.99,8.66,
1315,6.69,6.83,6.66,
1316,3.88,3.91,3.88,
1317,8.43,8.57,8.41,
1318,9.02,9.13,9.01,
1319,11.0,11.53,11.0,
1320,6.18,6.3,6.16,
1321,2.46,2.51,2.45,
1322,45.0,45.33,44.13,
1323,5.15,5.22,5.13,
1324,17.16,17.21,17.04,
1325,5.86,5.93,5.83,
1326,14.73,14.85,14.59,
1327,12.61,12.77,12.6,
1328,15.83,15.83,15.83,
1329,82.02,84.59,81.0,
1330,38.33,39.66,37.51,
1331,45.71,45.71,45.71,
1332,32.4,35.29,32.22,
1333,31.99,35.96,31.36,
1334,29.26,29.9,29.01,
1335,114.6,118.3,110.2,
1336,35.91,36.75,35.5,
1337,34.0,35.67,33.66,
1338,38.31,39.85,38.25,
1339,31.71,31.98,31.45,
1340,26.45,26.68,25.71,
1341,40.48,40.99,39.87,
1342,36.81,37.22,35.75,
1343,26.44,27.3,26.1,
1344,33.68,34.48,33.09,
1345,85.18,85.78,83.51,
1346,24.8,25.23,24.58,
1347,27.25,27.82,26.8,
1348,43.51,43.99,42.8,
1349,72.69,73.48,72.01,
1350,30.87,31.14,29.4,
1351,47.0,47.44,46.54,
1352,87.42,92.0,85.71,
1353,26.06,26.5,26.06,
1354,32.5,33.55,31.47,
1355,41.27,41.32,40.79,
1356,38.88,39.78,37.7,
1357,66.4,69.5,66.4,
1358,66.01,66.49,64.37,
1359,26.87,27.32,25.88,
1360,25.19,25.55,24.24,
1361,71.04,71.67,70.69,
1362,89.23,90.68,89.23,
1363,34.71,35.14,34.34,
1364,43.96,45.17,43.08,
1365,83.5,83.5,80.81,
1366,58.0,58.4,57.65,
1367,44.04,44.51,43.73,
1368,56.41,57.0,55.32,
1369,47.95,48.7,47.36,
1370,22.8,22.95,22.47,
1371,90.6,91.81,89.58,
1372,15.33,15.33,15.33,
1373,54.8,54.93,54.2,
1374,18.28,18.98,18.25,
1375,53.38,53.87,52.8,
1376,0.0,0.0,0.0,
1377,92.49,92.77,91.01,
1378,57.99,58.67,56.0,
1379,54.5,57.6,54.18,
1380,212.0,212.99,206.07,
1381,27.82,28.33,27.61,
1382,44.37,45.2,44.37,
1383,65.35,65.81,63.08,
1384,40.0,40.6,37.68,
1385,22.6,22.68,22.4,
1386,24.47,24.66,24.21,
1387,72.0,72.78,70.5,
1388,40.0,40.3,39.35,
1389,70.3,70.55,67.5,
1390,28.52,28.93,28.23,
1391,21.36,21.7,21.08,
1392,24.77,24.91,24.51,
1393,94.99,95.0,91.0,
1394,68.8,68.8,67.73,
1395,0.0,0.0,0.0,
1396,30.15,30.15,29.76,
1397,47.7,48.5,47.68,
1398,0.0,0.0,0.0,
1399,30.26,30.9,29.66,
1400,29.77,29.78,29.21,
1401,35.23,35.23,34.81,
1402,27.66,27.88,27.53,
1403,32.75,33.08,32.7,
1404,36.8,38.14,36.42,
1405,37.51,38.0,37.33,
1406,67.79,68.69,67.35,
1407,19.48,19.62,19.41,
1408,39.33,40.65,39.33,
1409,13.39,13.45,13.21,
1410,91.51,91.92,90.68,
1411,15.05,15.1,14.81,
1412,25.35,25.77,25.35,
1413,71.7,73.87,71.63,
1414,44.8,45.3,43.8,
1415,21.06,21.5,20.69,
1416,30.67,31.01,30.6,
1417,19.8,19.84,19.3,
1418,27.9,27.9,27.16,
1419,22.07,22.46,22.07,
1420,23.95,23.97,23.3,
1421,74.0,75.41,71.16,
1422,0.0,0.0,0.0,
1423,133.92,134.97,133.3,
1424,44.6,46.59,44.15,
1425,28.8,28.86,28.1,
1426,24.89,25.35,24.89,
1427,72.0,72.3,70.3,
1428,26.18,26.3,25.95,
1429,19.58,19.66,19.44,
1430,40.6,40.77,39.43,
1431,46.2,46.78,46.0,
1432,234.01,237.9,227.2,
1433,50.43,50.95,50.24,
1434,156.89,161.3,156.89,
1435,31.89,32.35,31.6,
1436,208.55,211.48,200.51,
1437,35.53,37.49,35.52,
1438,14.64,14.84,14.53,
1439,16.81,17.49,16.71,
1440,36.22,36.4,35.5,
1441,30.28,30.46,29.72,
1442,67.8,67.95,67.22,
1443,33.44,34.4,33.02,
1444,27.0,27.37,27.0,
1445,62.0,62.88,60.92,
1446,35.8,36.8,35.61,
1447,52.27,53.1,52.01,
1448,46.82,47.57,46.03,
1449,43.72,43.72,43.25,
1450,12.28,12.28,12.08,
1451,29.31,29.31,28.7,
1452,20.86,21.15,20.52,
1453,18.8,18.88,18.42,
1454,50.75,51.46,50.65,
1455,21.47,21.49,20.97,
1456,17.45,17.45,17.06,
1457,9.28,9.33,9.1,
1458,28.0,28.0,26.7,
1459,25.4,25.4,24.15,
1460,29.23,29.45,28.66,
1461,22.94,23.45,22.8,
1462,26.02,26.03,25.45,
1463,18.56,19.76,18.32,
1464,32.46,33.74,32.46,
1465,40.75,41.13,40.16,
1466,17.6,17.77,17.42,
1467,30.76,31.31,30.68,
1468,0.0,0.0,0.0,
1469,45.11,45.77,44.5,
1470,35.55,36.25,35.52,
1471,63.0,66.58,62.54,
1472,17.19,17.25,16.9,
1473,39.63,40.18,39.0,
1474,24.8,24.8,24.4,
1475,63.39,64.0,62.25,
1476,46.81,47.28,46.63,
1477,21.09,21.6,21.0,
1478,22.62,23.46,22.22,
1479,26.8,27.21,26.32,
1480,132.6,133.6,120.05,
1481,37.29,38.18,36.8,
1482,22.35,22.35,21.86,
1483,31.98,32.19,30.96,
1484,22.7,22.96,22.59,
1485,32.88,33.6,32.88,
1486,34.54,34.99,34.15,
1487,39.96,39.96,39.05,
1488,63.29,65.23,63.29,
1489,38.49,38.49,37.72,
1490,21.56,21.72,21.15,
1491,12.35,12.47,12.32,
1492,60.0,62.63,59.59,
1493,41.65,41.65,40.12,
1494,25.78,25.98,25.33,
1495,26.53,27.0,26.32,
1496,31.37,31.8,30.91,
1497,21.23,21.48,21.23,
1498,49.96,50.18,49.02,
1499,48.68,49.18,47.1,
1500,21.19,21.2,20.88,
1501,65.25,65.79,64.01,
1502,31.14,31.3,30.66,
1503,28.78,29.27,28.54,
1504,24.62,24.89,24.35,
1505,24.94,25.0,24.69,
1506,11.11,11.24,11.01,
1507,36.7,37.0,36.36,
1508,15.57,15.74,15.45,
1509,19.55,19.55,19.55,
1510,37.0,37.61,36.84,
1511,10.1,10.1,9.92,
1512,50.79,50.79,50.24,
1513,23.12,23.77,23.11,
1514,15.86,16.04,15.81,
1515,37.14,37.14,36.72,
1516,32.12,32.18,31.6,
1517,13.18,13.47,13.13,
1518,24.18,24.28,23.94,
1519,18.34,18.48,18.16,
1520,41.8,41.87,41.25,
1521,0.0,0.0,0.0,
1522,21.13,21.18,20.75,
1523,16.93,17.2,16.65,
1524,26.76,28.0,26.76,
1525,19.62,19.88,19.28,
1526,52.46,52.88,51.61,
1527,19.69,19.85,19.31,
1528,45.41,45.6,45.0,
1529,11.54,11.66,11.39,
1530,28.7,28.7,27.88,
1531,33.4,34.08,33.33,
1532,17.94,17.99,17.68,
1533,24.14,24.93,23.6,
1534,28.8,28.8,27.82,
1535,27.15,27.15,26.13,
1536,72.04,72.78,71.28,
1537,27.46,27.76,27.17,
1538,22.21,22.66,22.21,
1539,31.43,31.77,30.8,
1540,13.1,13.1,12.84,
1541,28.87,29.08,28.12,
1542,35.7,35.88,35.01,
1543,36.63,37.5,36.55,
1544,21.31,21.35,21.01,
1545,24.06,24.4,23.71,
1546,36.06,36.8,35.91,
1547,32.5,33.08,32.17,
1548,14.9,14.95,14.8,
1549,18.5,18.65,18.22,
1550,14.14,14.19,13.83,
1551,0.0,0.0,0.0,
1552,18.14,18.14,17.65,
1553,14.15,14.44,14.0,
1554,20.23,20.24,19.8,
1555,31.15,31.49,30.82,
1556,16.95,17.17,16.86,
1557,20.6,20.9,20.51,
1558,28.93,29.48,28.61,
1559,21.79,21.79,21.5,
1560,0.0,0.0,0.0,
1561,73.2,73.7,72.21,
1562,22.52,22.9,22.48,
1563,16.42,16.68,16.4,
1564,21.1,21.28,20.82,
1565,42.1,42.96,41.88,
1566,21.8,22.0,21.68,
1567,23.99,24.14,23.49,
1568,14.36,14.49,14.29,
1569,54.0,54.85,52.66,
1570,39.7,39.8,39.26,
1571,29.71,30.39,29.27,
1572,12.48,12.59,12.39,
1573,38.31,40.3,38.31,
1574,40.2,40.35,39.9,
1575,39.96,39.96,38.83,
1576,47.44,47.55,46.3,
1577,11.1,11.29,11.0,
1578,9.2,9.3,9.16,
1579,10.68,10.82,10.61,
1580,23.97,24.0,23.43,
1581,23.97,24.48,23.3,
1582,57.9,58.5,57.28,
1583,13.38,13.39,13.03,
1584,11.17,11.33,11.15,
1585,28.35,28.7,27.75,
1586,26.78,27.18,26.7,
1587,45.02,45.81,45.02,
1588,0.0,0.0,0.0,
1589,16.58,16.75,16.5,
1590,30.0,30.5,29.7,
1591,23.14,23.78,23.14,
1592,57.57,60.42,57.45,
1593,19.8,19.8,19.44,
1594,21.68,22.17,21.68,
1595,18.99,19.24,18.83,
1596,22.0,22.21,21.9,
1597,15.78,15.86,15.51,
1598,0.0,0.0,0.0,
1599,16.81,16.82,16.49,
1600,21.48,21.64,21.2,
1601,24.09,24.35,24.08,
1602,9.9,10.21,9.87,
1603,19.16,19.21,18.93,
1604,29.85,30.03,29.53,
1605,15.79,16.46,15.63,
1606,29.37,29.53,29.2,
1607,16.18,16.33,15.98,
1608,24.07,24.07,23.66,
1609,30.38,30.42,28.72,
1610,17.74,17.96,17.6,
1611,21.9,22.38,21.72,
1612,20.43,20.62,20.04,
1613,23.9,23.9,23.61,
1614,19.85,19.85,19.2,
1615,14.61,14.72,14.47,
1616,19.75,19.92,19.6,
1617,10.78,10.96,10.77,
1618,0.0,0.0,0.0,
1619,25.9,26.09,25.71,
1620,17.07,17.19,16.92,
1621,19.64,19.77,19.31,
1622,7.04,7.12,7.02,
1623,9.57,9.66,9.55,
1624,20.58,20.85,20.33,
1625,23.76,23.91,23.02,
1626,24.3,24.3,23.84,
1627,17.3,17.93,16.9,
1628,21.99,22.3,21.7,
1629,30.0,31.5,29.56,
1630,10.17,10.19,9.89,
1631,35.11,35.48,34.94,
1632,35.01,35.27,34.88,
1633,48.0,48.6,46.0,
1634,20.18,20.24,19.65,
1635,10.66,10.78,10.55,
1636,15.07,15.24,14.97,
1637,16.58,16.65,16.24,
1638,20.55,20.75,19.95,
1639,15.18,15.4,15.15,
1640,12.68,12.82,12.62,
1641,43.98,45.3,43.5,
1642,13.42,13.6,13.32,
1643,20.19,20.37,20.01,
1644,21.15,21.52,21.1,
1645,19.28,19.43,19.13,
1646,43.55,43.6,41.76,
1647,16.95,17.02,16.6,
1648,22.36,22.77,22.25,
1649,34.9,35.66,34.7,
1650,0.0,0.0,0.0,
1651,13.25,14.44,13.25,
1652,6.83,6.85,6.76,
1653,11.59,12.04,11.5,
1654,23.9,24.19,23.63,
1655,16.38,16.41,16.25,
1656,15.61,15.99,15.61,
1657,24.69,24.98,24.51,
1658,29.64,29.89,28.78,
1659,0.0,0.0,0.0,
1660,15.15,15.45,15.15,
1661,13.2,13.29,12.95,
1662,21.31,21.31,21.07,
1663,12.61,12.7,12.52,
1664,14.85,14.87,14.63,
1665,12.38,12.47,12.24,
1666,7.63,7.67,7.43,
1667,19.38,19.83,19.18,
1668,14.85,15.2,14.76,
1669,30.1,30.27,29.36,
1670,19.01,20.78,18.67,
1671,3.85,3.86,3.81,
1672,9.07,9.14,9.0,
1673,8.57,8.67,8.5,
1674,15.09,15.5,14.97,
1675,11.9,12.02,11.8,
1676,31.98,32.48,30.4,
1677,0.0,0.0,0.0,
1678,13.29,13.32,13.15,
1679,0.0,0.0,0.0,
1680,11.15,11.19,10.89,
1681,9.68,9.75,9.61,
1682,11.81,11.87,11.74,
1683,48.98,50.3,48.92,
1684,0.0,0.0,0.0,
1685,12.56,12.75,12.3,
1686,12.72,12.98,12.61,
1687,13.16,13.3,13.1,
1688,4.01,4.03,3.97,
1689,14.28,14.52,14.2,
1690,9.76,9.84,9.74,
1691,39.33,39.77,38.85,
1692,15.07,15.23,14.74,
1693,35.68,36.2,35.22,
1694,25.75,26.12,25.75,
1695,6.67,6.73,6.61,
1696,11.26,11.57,11.12,
1697,12.75,13.03,12.71,
1698,16.28,16.28,15.88,
1699,6.76,6.87,6.7,
1700,57.16,58.05,57.08,
1701,0.0,0.0,0.0,
1702,21.46,21.46,20.91,
1703,8.18,8.23,8.08,
1704,11.45,11.6,11.36,
1705,17.49,18.15,17.47,
1706,14.39,14.5,14.26,
1707,8.66,8.68,8.56,
1708,6.63,6.71,6.6,
1709,17.0,18.1,16.86,
1710,10.7,10.76,10.55,
1711,8.73,8.92,8.7,
1712,9.7,9.9,9.7,
1713,31.16,31.5,30.78,
1714,8.29,8.4,8.25,
1715,6.24,6.33,6.19,
1716,14.56,14.67,14.42,
1717,16.48,16.92,16.2,
1718,11.55,11.87,11.55,
1719,22.83,23.6,22.83,
1720,12.99,13.25,12.8,
1721,6.64,6.65,6.53,
1722,5.41,5.48,5.34,
1723,15.66,15.76,15.47,
1724,21.2,21.93,21.02,
1725,5.56,5.65,5.55,
1726,13.12,13.43,13.12,
1727,12.0,12.24,11.83,
1728,14.05,14.69,13.6,
1729,14.02,14.07,13.95,
1730,11.62,11.69,11.47,
1731,21.37,22.58,21.28,
1732,58.6,59.0,57.18,
1733,8.17,8.28,8.15,
1734,16.34,16.57,16.34,
1735,7.64,7.72,7.63,
1736,7.34,7.42,7.29,
1737,3.63,3.66,3.59,
1738,11.58,12.15,11.58,
1739,6.12,6.16,6.07,
1740,16.71,17.5,16.71,
1741,8.98,8.98,8.58,
1742,19.86,19.88,19.5,
1743,9.55,9.6,9.44,
1744,19.5,20.13,19.5,
1745,18.69,19.14,18.68,
1746,29.92,31.65,29.86,
1747,11.04,11.24,10.91,
1748,0.0,0.0,0.0,
1749,0.0,0.0,0.0,
1750,8.35,8.71,8.3,
1751,9.23,9.29,9.14,
1752,23.7,24.0,23.64,
1753,7.46,7.47,7.36,
1754,17.6,17.88,17.6,
1755,20.0,20.36,19.72,
1756,16.36,16.53,16.3,
1757,5.69,5.73,5.61,
1758,18.49,19.39,18.49,
1759,13.2,13.39,13.16,
1760,35.5,35.77,35.0,
1761,12.6,13.01,12.39,
1762,0.0,0.0,0.0,
1763,8.14,8.55,8.14,
1764,11.76,11.89,11.7,
1765,14.28,14.4,13.87,
1766,18.98,19.23,18.73,
1767,9.06,9.1,8.99,
1768,0.0,0.0,0.0,
1769,14.9,15.35,14.61,
1770,13.2,13.5,13.2,
1771,12.69,12.9,12.65,
1772,20.23,20.7,19.75,
1773,6.61,6.69,6.53,
1774,26.97,27.18,26.7,
1775,8.96,9.07,8.96,
1776,7.96,8.09,7.93,
1777,7.16,7.49,7.14,
1778,9.2,9.35,9.16,
1779,8.81,8.95,8.78,
1780,0.0,0.0,0.0,
1781,9.55,9.73,9.53,
1782,15.07,15.22,14.99,
1783,14.1,14.36,14.01,
1784,9.09,9.09,8.5,
1785,6.33,6.4,6.33,
1786,10.38,10.39,10.17,
1787,6.71,6.85,6.66,
1788,16.59,16.82,16.43,
1789,10.59,11.09,10.48,
1790,15.33,15.47,15.21,
1791,7.78,7.82,7.66,
1792,13.4,13.61,13.4,
1793,5.63,5.67,5.61,
1794,20.55,20.85,20.55,
1795,13.73,13.84,13.67,
1796,23.62,23.93,23.51,
1797,11.8,11.8,11.62,
1798,8.2,8.33,8.12,
1799,18.16,18.57,17.87,
1800,0.0,0.0,0.0,
1801,5.27,5.32,5.21,
1802,23.51,23.65,23.22,
1803,16.5,16.69,16.48,
1804,34.48,35.4,33.88,
1805,11.8,11.8,11.58,
1806,9.14,9.18,9.01,
1807,18.63,18.76,18.48,
1808,14.2,14.74,14.1,
1809,11.53,11.71,11.4,
1810,13.91,13.95,13.49,
1811,14.35,14.45,14.14,
1812,10.59,10.63,10.41,
1813,21.23,21.68,21.07,
1814,37.78,38.55,37.52,
1815,0.0,0.0,0.0,
1816,9.56,9.59,9.41,
1817,35.44,35.9,34.8,
1818,19.8,20.36,19.8,
1819,15.43,15.5,15.15,
1820,20.17,20.27,19.6,
1821,11.27,11.74,11.22,
1822,8.87,9.0,8.81,
1823,2.99,3.0,2.97,
1824,0.0,0.0,0.0,
1825,9.15,9.34,9.15,
1826,5.05,5.09,4.99,
1827,7.79,7.84,7.68,
1828,27.53,28.09,27.41,
1829,7.23,7.23,7.04,
1830,6.02,6.1,5.96,
1831,18.38,18.83,18.3,
1832,12.63,12.72,12.4,
1833,9.73,10.39,9.68,
1834,8.4,8.46,8.3,
1835,9.43,9.58,9.39,
1836,13.77,13.97,13.72,
1837,35.8,37.26,35.8,
1838,17.82,18.05,17.72,
1839,7.09,7.16,7.07,
1840,9.91,10.04,9.91,
1841,16.36,16.65,16.27,
1842,6.69,6.76,6.56,
1843,12.16,12.19,12.0,
1844,13.0,13.7,13.0,
1845,14.02,14.16,13.96,
1846,5.74,5.9,5.72,
1847,7.45,7.61,7.38,
1848,13.52,13.53,13.27,
1849,22.7,23.3,22.47,
1850,11.98,12.13,11.95,
1851,3.51,3.52,3.43,
1852,19.88,20.3,19.57,
1853,0.0,0.0,0.0,
1854,2.27,2.31,2.26,
1855,11.44,11.67,11.32,
1856,19.22,19.39,19.01,
1857,8.62,8.88,8.58,
1858,7.5,7.56,7.11,
1859,24.63,24.69,24.36,
1860,6.25,6.28,6.18,
1861,13.28,13.34,13.21,
1862,10.46,10.56,10.43,
1863,130.18,131.6,121.69,
1864,7.44,7.65,7.4,
1865,29.85,29.85,28.86,
1866,0.0,0.0,0.0,
1867,8.31,8.34,8.24,
1868,9.78,9.9,9.68,
1869,11.92,12.35,11.92,
1870,6.04,6.12,6.02,
1871,13.53,13.55,13.2,
1872,0.0,0.0,0.0,
1873,12.58,12.65,12.31,
1874,6.36,6.44,6.26,
1875,6.35,6.82,6.35,
1876,5.82,6.22,5.7,
1877,7.75,7.78,7.63,
1878,16.88,16.88,16.1,
1879,7.85,8.0,7.83,
1880,0.0,0.0,0.0,
1881,13.84,13.95,13.79,
1882,9.11,9.48,9.08,
1883,0.0,0.0,0.0,
1884,5.71,5.75,5.63,
1885,6.73,6.73,6.65,
1886,12.64,12.89,12.6,
1887,0.0,0.0,0.0,
1888,7.34,7.37,7.27,
1889,5.43,5.46,5.36,
1890,0.0,0.0,0.0,
1891,8.21,8.36,8.16,
1892,8.99,9.02,8.84,
1893,15.18,15.18,14.58,
1894,12.04,12.12,11.89,
1895,18.7,18.77,18.36,
1896,0.0,0.0,0.0,
1897,18.0,18.88,17.98,
1898,11.79,11.95,11.78,
1899,0.0,0.0,0.0,
1900,7.89,7.94,7.85,
1901,12.69,12.88,12.62,
1902,20.98,21.29,20.79,
1903,50.92,51.13,48.7,
1904,3.71,3.75,3.71,
1905,0.0,0.0,0.0,
1906,10.85,11.25,10.81,
1907,7.92,7.98,7.85,
1908,6.82,6.83,6.62,
1909,23.5,24.7,23.25,
1910,8.01,8.08,7.85,
1911,10.3,10.55,10.24,
1912,17.31,17.43,17.19,
1913,6.87,6.9,6.81,
1914,26.74,26.9,26.45,
1915,28.99,29.87,28.95,
1916,12.05,12.08,11.86,
1917,28.19,28.84,28.17,
1918,13.4,13.73,13.33,
1919,12.23,12.47,12.23,
1920,11.93,12.0,11.83,
1921,12.2,12.4,12.11,
1922,6.55,6.66,6.52,
1923,0.0,0.0,0.0,
1924,20.09,20.22,19.68,
1925,10.25,10.33,10.21,
1926,18.34,18.55,18.11,
1927,10.12,10.21,9.99,
1928,3.59,3.63,3.58,
1929,13.79,14.66,13.79,
1930,0.0,0.0,0.0,
1931,9.89,9.92,9.66,
1932,5.23,5.38,5.23,
1933,7.82,7.95,7.77,
1934,5.52,5.55,5.45,
1935,0.0,0.0,0.0,
1936,17.72,17.88,17.62,
1937,10.0,10.11,9.78,
1938,13.38,13.38,13.12,
1939,15.69,15.85,14.11,
1940,6.03,6.08,6.02,
1941,13.44,13.73,13.27,
1942,28.45,28.98,28.15,
1943,11.07,11.08,10.9,
1944,8.1,8.1,7.98,
1945,6.95,6.99,6.9,
1946,11.32,11.56,11.2,
1947,8.32,8.48,8.26,
1948,0.0,0.0,0.0,
1949,0.0,0.0,0.0,
1950,10.42,10.7,10.24,
1951,7.84,7.98,7.58,
1952,10.98,11.27,10.74,
1953,0.0,0.0,0.0,
1954,13.65,13.7,13.36,
1955,7.1,7.23,7.06,
1956,7.61,7.84,7.55,
1957,6.8,6.87,6.76,
1958,10.17,10.25,10.06,
1959,6.49,6.55,6.48,
1960,4.22,4.27,4.19,
1961,10.87,10.88,10.7,
1962,9.98,10.19,9.87,
1963,6.17,6.23,6.14,
1964,16.21,16.32,16.12,
1965,8.32,8.44,8.25,
1966,26.36,26.39,25.81,
1967,35.15,35.95,34.88,
1968,0.0,0.0,0.0,
1969,17.43,17.58,17.26,
1970,33.89,34.08,33.0,
1971,16.09,16.39,15.98,
1972,6.01,6.09,5.83,
1973,4.55,4.62,4.54,
1974,18.22,18.26,17.77,
1975,14.0,14.22,13.98,
1976,5.51,5.63,5.45,
1977,6.92,6.97,6.84,
1978,15.9,16.33,15.88,
1979,13.01,13.13,12.86,
1980,5.5,5.62,5.5,
1981,10.12,10.25,10.12,
1982,7.31,7.44,7.25,
1983,21.01,21.89,21.01,
1984,11.41,11.73,11.32,
1985,14.44,14.56,14.24,
1986,14.31,14.37,14.15,
1987,9.55,9.6,9.42,
1988,7.88,7.9,7.75,
1989,0.0,0.0,0.0,
1990,3.82,3.87,3.81,
1991,11.09,11.21,11.04,
1992,22.17,22.79,21.66,
1993,11.26,11.34,11.16,
1994,15.06,15.32,15.01,
1995,6.07,6.09,6.02,
1996,31.35,32.17,31.33,
1997,9.99,10.19,9.99,
1998,9.67,9.8,9.28,
1999,6.45,6.45,6.31,
2000,0.0,0.0,0.0,
2001,21.0,21.16,20.61,
2002,15.44,15.63,15.35,
2003,7.49,7.56,7.42,
2004,12.25,12.43,12.25,
2005,49.98,50.19,49.03,
2006,0.0,0.0,0.0,
2007,14.91,15.17,14.9,
2008,8.53,8.6,8.46,
2009,7.64,7.68,7.56,
2010,5.09,5.21,5.06,
2011,8.88,9.04,8.77,
2012,4.26,4.35,4.26,
2013,6.1,6.18,6.06,
2014,18.86,19.11,18.83,
2015,10.74,10.92,10.66,
2016,6.23,6.28,6.12,
2017,6.61,6.63,6.52,
2018,11.76,11.84,11.66,
2019,10.13,10.5,10.05,
2020,6.4,6.44,6.34,
2021,10.6,10.93,10.42,
2022,13.7,13.85,13.52,
2023,31.0,31.25,30.3,
2024,19.81,19.94,19.44,
2025,0.0,0.0,0.0,
2026,4.46,4.47,4.38,
2027,10.42,10.53,10.34,
2028,0.0,0.0,0.0,
2029,25.79,26.97,25.32,
2030,6.88,6.92,6.76,
2031,13.33,13.38,13.19,
2032,6.36,6.4,6.3,
2033,5.48,5.56,5.46,
2034,10.38,10.39,10.29,
2035,24.5,24.66,23.63,
2036,6.11,6.15,6.05,
2037,13.72,13.79,13.71,
2038,19.66,19.66,19.66,
2039,22.13,22.13,22.13,
2040,43.04,43.04,43.04,
2041,38.79,38.79,38.79,
2042,56.2,57.66,55.61,
2043,33.6,35.97,33.6,
2044,0.0,0.0,0.0,
2045,34.6,38.71,34.01,
2046,49.42,49.83,48.01,
2047,114.92,121.58,113.8,
2048,27.1,29.31,26.75,
2049,20.77,21.73,20.2,
2050,20.96,22.85,20.95,
2051,29.09,29.65,28.7,
2052,18.94,20.72,18.9,
2053,22.58,22.93,22.21,
2054,35.98,36.5,35.6,
2055,40.08,40.55,39.5,
2056,42.01,42.7,41.52,
2057,37.64,37.8,37.0,
2058,28.75,29.0,28.35,
2059,28.3,28.67,28.01,
2060,20.05,20.6,20.05,
2061,38.97,39.49,38.08,
2062,42.78,42.86,41.85,
2063,26.87,27.78,26.58,
2064,26.21,28.58,26.16,
2065,36.75,37.56,36.71,
2066,36.0,36.36,35.49,
2067,34.4,34.6,33.72,
2068,28.35,28.69,28.17,
2069,27.0,27.37,26.91,
2070,76.15,77.45,75.45,
2071,36.73,37.2,36.51,
2072,38.66,39.2,37.91,
2073,52.82,53.0,51.5,
2074,48.3,49.15,46.71,
2075,13.77,13.8,13.56,
2076,30.22,30.57,30.13,
2077,54.9,55.55,54.29,
2078,56.2,60.65,56.2,
2079,36.88,37.1,36.37,
2080,23.76,23.94,23.41,
2081,60.5,60.6,59.5,
2082,26.93,26.93,26.6,
2083,42.35,42.45,41.5,
2084,30.6,30.68,30.42,
2085,34.71,34.98,34.7,
2086,25.96,26.16,25.73,
2087,31.51,31.7,31.19,
2088,24.34,24.46,24.17,
2089,27.76,27.97,27.55,
2090,36.85,37.3,36.5,
2091,22.0,23.0,21.68,
2092,29.0,31.52,27.99,
2093,12.71,12.78,12.58,
2094,28.87,28.87,27.93,
2095,26.69,27.14,26.66,
2096,42.45,42.93,41.0,
2097,36.6,37.58,36.25,
2098,39.3,39.3,38.41,
2099,27.01,27.27,27.0,
2100,44.49,46.5,43.82,
2101,12.98,13.08,12.93,
2102,32.69,34.0,32.69,
2103,33.13,33.49,32.88,
2104,34.38,34.59,34.0,
2105,63.88,64.31,63.58,
2106,28.65,28.79,28.43,
2107,15.34,15.47,15.05,
2108,26.69,26.69,26.13,
2109,19.41,19.41,18.5,
2110,28.75,28.9,28.09,
2111,22.25,22.4,21.93,
2112,43.2,43.92,42.88,
2113,72.39,73.21,71.62,
2114,39.55,40.3,38.5,
2115,11.54,11.88,11.51,
2116,41.33,41.5,41.05,
2117,20.38,20.49,20.16,
2118,19.88,19.89,19.37,
2119,11.25,11.28,11.11,
2120,63.29,64.55,62.12,
2121,60.3,61.26,60.18,
2122,55.93,57.44,55.66,
2123,23.31,23.31,22.71,
2124,27.18,27.43,26.78,
2125,22.9,24.0,22.9,
2126,18.1,18.4,18.1,
2127,14.86,14.89,14.7,
2128,25.54,26.29,25.45,
2129,19.93,20.26,19.68,
2130,15.98,16.07,15.78,
2131,7.89,7.91,7.81,
2132,60.01,61.5,59.74,
2133,25.92,25.92,25.56,
2134,25.91,26.66,25.81,
2135,30.33,30.74,30.26,
2136,30.96,30.96,30.54,
2137,21.6,21.7,21.08,
2138,31.3,31.59,31.11,
2139,34.83,35.31,34.51,
2140,101.22,103.98,100.1,
2141,19.82,20.06,19.78,
2142,23.33,24.1,23.33,
2143,33.48,34.84,33.3,
2144,11.93,12.07,11.7,
2145,8.24,8.31,8.18,
2146,22.77,22.77,22.31,
2147,29.25,29.62,29.0,
2148,45.25,46.01,44.52,
2149,28.53,29.45,28.4,
2150,34.49,34.95,34.14,
2151,31.28,31.66,31.16,
2152,22.47,22.47,21.85,
2153,55.35,56.3,54.0,
2154,9.81,10.0,9.73,
2155,31.2,31.58,30.44,
2156,16.15,16.46,16.1,
2157,16.9,16.9,16.9,
2158,35.6,36.08,35.28,
2159,19.77,20.05,19.56,
2160,26.57,26.7,26.42,
2161,39.98,40.4,39.81,
2162,29.66,29.81,29.41,
2163,10.94,11.38,10.88,
2164,9.37,9.48,9.28,
2165,13.37,13.59,13.26,
2166,18.39,18.66,18.21,
2167,13.98,14.91,13.65,
2168,23.78,24.14,23.68,
2169,24.02,24.28,24.02,
2170,21.4,21.4,20.55,
2171,23.78,25.38,23.5,
2172,34.09,34.58,33.82,
2173,19.38,19.55,19.29,
2174,21.52,21.86,21.42,
2175,9.83,9.94,9.8,
2176,61.67,61.69,58.88,
2177,11.0,11.03,10.92,
2178,18.69,19.09,18.23,
2179,4.66,4.68,4.61,
2180,14.24,14.35,14.15,
2181,28.54,28.65,28.01,
2182,20.59,20.67,20.37,
2183,14.29,14.3,13.93,
2184,8.7,8.9,8.67,
2185,13.69,13.81,13.64,
2186,16.35,16.5,16.26,
2187,35.35,35.49,35.12,
2188,43.0,46.5,42.01,
2189,17.81,18.08,17.71,
2190,10.33,10.43,10.16,
2191,34.86,35.46,34.5,
2192,26.35,27.38,26.32,
2193,27.72,27.92,27.72,
2194,20.0,20.6,19.91,
2195,10.83,10.91,10.8,
2196,38.99,39.1,38.58,
2197,9.56,9.64,9.52,
2198,64.5,64.59,63.72,
2199,15.09,15.23,14.91,
2200,11.15,11.31,11.1,
2201,23.21,23.83,23.2,
2202,0.0,0.0,0.0,
2203,10.58,10.7,10.52,
2204,21.67,21.83,21.33,
2205,15.46,15.84,15.32,
2206,9.16,9.18,9.03,
2207,0.0,0.0,0.0,
2208,0.0,0.0,0.0,
2209,30.82,31.77,30.82,
2210,10.87,10.99,10.75,
2211,32.02,32.5,32.02,
2212,25.12,25.25,25.0,
2213,17.4,17.46,17.3,
2214,27.51,27.75,27.28,
2215,18.3,18.32,18.0,
2216,12.92,13.07,12.85,
2217,61.97,62.32,61.96,
2218,18.08,18.2,18.01,
2219,19.96,20.47,19.83,
2220,11.48,11.48,11.32,
2221,14.39,14.39,14.05,
2222,9.48,9.64,9.45,
2223,21.03,21.09,20.78,
2224,27.45,27.8,27.3,
2225,15.99,16.16,15.68,
2226,28.04,28.05,27.85,
2227,45.2,45.79,44.83,
2228,25.37,25.39,24.88,
2229,19.15,19.15,18.82,
2230,27.72,28.91,27.72,
2231,53.0,53.23,51.66,
2232,24.0,24.47,23.72,
2233,23.08,23.14,22.88,
2234,0.0,0.0,0.0,
2235,46.5,48.12,46.5,
2236,6.87,6.91,6.8,
2237,10.92,11.07,10.81,
2238,12.6,13.39,12.48,
2239,12.29,12.56,12.29,
2240,8.3,8.5,8.3,
2241,5.28,5.32,5.27,
2242,6.26,6.28,6.2,
2243,10.7,10.95,10.59,
2244,18.26,18.28,17.85,
2245,9.87,9.91,9.82,
2246,0.0,0.0,0.0,
2247,18.35,18.79,18.35,
2248,16.98,17.32,16.98,
2249,0.0,0.0,0.0,
2250,6.37,6.42,6.33,
2251,9.84,9.84,9.7,
2252,24.13,24.35,24.05,
2253,19.3,19.37,19.1,
2254,5.62,5.7,5.61,
2255,6.26,6.32,6.26,
2256,7.05,7.07,6.96,
2257,12.61,12.98,12.61,
2258,10.4,10.7,10.24,
2259,17.9,18.0,17.53,
2260,7.37,7.47,7.27,
2261,11.23,11.28,11.16,
2262,11.16,11.25,11.11,
2263,14.3,14.42,14.24,
2264,21.12,21.32,20.99,
2265,11.22,11.48,11.1,
2266,17.06,17.41,17.0,
2267,0.0,0.0,0.0,
2268,11.75,12.03,11.71,
2269,10.36,10.52,10.28,
2270,12.34,12.5,12.34,
2271,16.49,16.78,16.32,
2272,6.84,6.93,6.83,
2273,19.55,19.67,18.94,
2274,22.27,22.58,22.15,
2275,19.19,19.2,18.91,
2276,16.8,16.96,16.69,
2277,5.61,5.66,5.59,
2278,6.7,6.73,6.6,
2279,27.2,27.3,26.73,
2280,5.55,5.61,5.51,
2281,7.16,7.37,7.16,
2282,14.22,14.49,14.2,
2283,9.58,9.93,9.5,
2284,12.51,12.63,12.38,
2285,12.79,13.03,12.78,
2286,22.84,22.95,22.5,
2287,24.49,24.63,23.93,
2288,10.2,10.56,10.05,
2289,6.49,6.56,6.43,
2290,11.37,11.5,11.36,
2291,7.12,7.14,7.07,
2292,7.03,7.1,7.01,
2293,7.07,7.13,7.04,
2294,12.46,12.74,12.2,
2295,16.6,17.58,16.51,
2296,32.2,32.66,31.88,
2297,15.18,15.35,15.18,
2298,18.41,18.48,18.11,
2299,9.5,9.63,9.49,
2300,10.71,11.45,10.7,
2301,13.16,13.2,12.97,
2302,4.45,4.48,4.42,
2303,19.21,19.65,19.05,
2304,8.12,8.3,8.11,
2305,4.57,4.66,4.53,
2306,11.07,11.19,11.05,
2307,15.81,16.14,15.63,
2308,26.6,26.7,25.5,
2309,7.35,7.35,7.2,
2310,11.64,11.66,11.51,
2311,8.11,8.23,8.01,
2312,10.9,10.95,10.82,
2313,10.9,10.94,10.84,
2314,7.1,7.14,7.02,
2315,0.0,0.0,0.0,
2316,18.68,18.68,18.45,
2317,18.67,19.0,18.21,
2318,0.0,0.0,0.0,
2319,33.3,33.9,33.12,
2320,22.5,22.75,22.28,
2321,0.0,0.0,0.0,
2322,15.79,15.98,15.62,
2323,9.62,9.7,9.54,
2324,6.39,6.45,6.36,
2325,13.7,13.93,13.55,
2326,16.48,16.5,16.15,
2327,9.11,9.24,9.07,
2328,9.21,9.38,9.21,
2329,19.6,19.6,19.0,
2330,3.56,3.63,3.53,
2331,11.36,11.85,11.33,
2332,13.13,13.36,13.02,
2333,2.37,2.4,2.36,
2334,14.76,14.89,14.76,
2335,10.1,10.24,10.02,
2336,3.96,4.05,3.95,
2337,12.21,12.25,12.12,
2338,12.88,13.22,12.81,
2339,0.0,0.0,0.0,
2340,15.56,15.8,15.51,
2341,33.75,34.55,33.73,
2342,16.12,16.57,15.92,
2343,8.4,8.46,8.3,
2344,11.74,12.05,11.69,
2345,9.69,9.75,9.64,
2346,26.15,26.62,25.82,
2347,11.3,11.47,11.25,
2348,19.26,19.5,18.96,
2349,65.28,66.55,64.96,
2350,4.36,4.4,4.36,
2351,0.0,0.0,0.0,
2352,0.0,0.0,0.0,
2353,13.11,13.18,12.95,
2354,13.39,13.48,13.27,
2355,6.68,7.17,6.66,
2356,6.9,6.96,6.88,
2357,8.96,9.03,8.96,
2358,6.62,6.75,6.59,
2359,17.94,18.43,17.88,
2360,18.66,18.66,17.83,
2361,11.7,11.72,11.46,
2362,18.84,19.7,18.84,
2363,0.0,0.0,0.0,
2364,0.0,0.0,0.0,
2365,4.63,4.69,4.62,
2366,17.0,18.39,16.91,
2367,22.19,22.19,22.19,
2368,0.0,0.0,0.0,
2369,7.48,7.54,7.48,
2370,22.95,23.15,22.53,
2371,36.77,38.18,36.4,
2372,8.0,8.08,7.89,
2373,7.07,7.15,7.03,
2374,0.0,0.0,0.0,
2375,13.46,13.63,13.23,
2376,7.7,7.87,7.56,
2377,8.74,8.9,8.74,
2378,6.48,6.58,6.48,
2379,8.25,8.27,8.15,
2380,7.86,7.93,7.68,
2381,16.38,16.73,15.95,
2382,11.75,11.84,11.72,
2383,7.35,7.43,7.25,
2384,9.07,9.15,9.07,
2385,36.15,38.0,35.69,
2386,15.79,16.25,15.72,
2387,7.66,7.67,7.46,
2388,20.57,20.85,20.09,
2389,4.72,4.8,4.71,
2390,9.15,9.35,9.13,
2391,9.55,9.59,9.41,
2392,9.17,9.26,9.08,
2393,5.43,5.46,5.41,
2394,6.92,7.03,6.7,
2395,10.82,11.0,10.82,
2396,7.97,8.01,7.95,
2397,5.08,5.13,5.08,
2398,0.0,0.0,0.0,
2399,15.65,15.95,15.5,
2400,22.88,23.17,22.88,
2401,7.38,8.0,7.38,
2402,13.61,13.88,13.61,
2403,7.61,7.73,7.57,
2404,6.45,6.57,6.33,
2405,8.86,9.01,8.82,
2406,9.8,9.99,9.68,
2407,14.53,14.57,14.28,
2408,4.74,4.78,4.74,
2409,10.89,11.03,10.81,
2410,6.74,6.9,6.73,
2411,6.23,6.37,6.23,
2412,8.21,8.35,8.06,
2413,24.09,24.28,23.8,
2414,15.45,15.57,15.18,
2415,5.15,5.16,5.1,
2416,10.11,10.25,10.09,
2417,6.26,6.34,6.26,
2418,0.0,0.0,0.0,
2419,0.0,0.0,0.0,
2420,8.86,9.09,8.81,
2421,9.14,9.25,9.13,
2422,0.0,0.0,0.0,
2423,6.1,6.14,6.06,
2424,16.41,16.46,16.15,
2425,22.02,22.2,21.86,
2426,5.59,5.74,5.23,
2427,8.27,8.35,8.24,
2428,7.67,7.82,7.67,
2429,10.05,10.2,10.01,
2430,0.0,0.0,0.0,
2431,16.26,16.43,16.01,
2432,6.3,6.31,6.23,
2433,9.04,9.04,8.88,
2434,48.28,49.87,48.25,
2435,0.0,0.0,0.0,
2436,4.28,4.33,4.19,
2437,2.84,2.85,2.8,
2438,5.96,5.96,5.96,
2439,5.52,5.57,5.41,
2440,8.67,8.8,8.67,
2441,10.64,10.88,10.49,
2442,9.29,9.58,9.29,
2443,20.05,20.65,20.05,
2444,3.31,3.31,3.26,
2445,13.41,13.57,13.33,
2446,5.31,5.65,5.25,
2447,3.98,4.0,3.96,
2448,8.88,8.96,8.86,
2449,14.61,15.77,14.49,
2450,7.47,7.48,7.36,
2451,12.68,12.78,12.51,
2452,4.9,4.98,4.88,
2453,6.03,6.06,5.97,
2454,11.96,12.21,11.86,
2455,4.84,4.89,4.84,
2456,5.44,5.54,5.43,
2457,26.2,26.27,25.9,
2458,9.32,9.36,9.19,
2459,5.46,5.5,5.42,
2460,7.98,8.07,7.91,
2461,5.11,5.12,5.07,
2462,7.16,7.26,7.16,
2463,9.71,9.86,9.71,
2464,5.43,5.51,5.41,
2465,4.45,4.47,4.43,
2466,5.61,5.72,5.55,
2467,23.44,23.51,22.6,
2468,8.43,8.53,8.4,
2469,10.51,10.75,10.17,
2470,9.83,9.93,9.76,
2471,4.06,4.08,4.04,
2472,0.0,0.0,0.0,
2473,6.62,6.62,6.5,
2474,24.69,25.2,24.47,
2475,7.63,7.65,7.52,
2476,53.25,53.7,52.7,
2477,9.98,10.1,9.78,
2478,28.6,28.96,26.72,
2479,5.3,5.36,5.29,
2480,26.05,26.15,25.72,
2481,11.82,11.95,11.63,
2482,71.76,71.99,70.18,
2483,11.95,11.96,11.83,
2484,0.0,0.0,0.0,
2485,11.73,11.97,11.66,
2486,20.52,20.89,20.2,
2487,9.56,9.75,9.43,
2488,11.47,11.55,11.43,
2489,0.0,0.0,0.0,
2490,6.13,6.18,6.12,
2491,29.6,30.03,29.43,
2492,22.21,22.28,22.0,
2493,17.35,18.18,17.25,
2494,8.97,9.12,8.97,
2495,5.3,5.52,5.3,
2496,10.23,10.23,10.05,
2497,12.9,13.0,12.71,
2498,13.98,14.11,13.8,
2499,9.01,9.25,8.98,
2500,0.0,0.0,0.0,
2501,9.98,10.11,9.85,
2502,19.7,20.29,19.51,
2503,23.4,23.48,22.9,
2504,7.09,7.26,7.07,
2505,6.9,6.93,6.82,
2506,5.86,5.91,5.77,
2507,17.4,17.4,17.25,
2508,10.51,10.6,10.34,
2509,8.44,8.57,8.44,
2510,9.24,9.29,9.13,
2511,8.4,8.51,8.39,
2512,14.23,14.4,14.01,
2513,3.6,3.64,3.58,
2514,12.09,12.2,11.91,
2515,32.38,32.83,32.08,
2516,5.82,5.9,5.79,
2517,0.0,0.0,0.0,
2518,15.45,15.46,15.28,
2519,0.0,0.0,0.0,
2520,24.73,24.76,23.85,
2521,6.06,6.1,6.03,
2522,5.26,5.32,5.22,
2523,15.28,15.66,15.11,
2524,8.95,9.01,8.77,
2525,13.1,13.16,12.98,
2526,9.49,9.54,9.41,
2527,39.29,39.65,38.55,
2528,16.85,16.99,16.75,
2529,9.96,10.04,9.94,
2530,16.5,17.55,16.15,
2531,26.68,26.68,26.36,
2532,19.89,20.1,19.41,
2533,28.5,29.35,27.95,
2534,12.65,12.75,12.39,
2535,20.51,20.82,20.43,
2536,7.16,7.25,7.15,
2537,26.6,26.65,25.85,
2538,6.9,6.93,6.86,
2539,12.53,12.53,12.31,
2540,9.22,9.33,9.16,
2541,12.01,12.16,11.98,
2542,5.35,5.46,5.25,
2543,15.29,15.59,15.16,
2544,0.0,0.0,0.0,
2545,6.76,6.8,6.69,
2546,21.69,21.85,21.4,
2547,12.1,12.88,12.03,
2548,12.11,12.39,12.11,
2549,31.45,31.58,31.34,
2550,5.03,5.12,5.03,
2551,14.38,15.18,14.32,
2552,8.38,8.48,8.26,
2553,21.23,21.23,20.87,
2554,7.9,7.96,7.77,
2555,16.54,16.78,16.54,
2556,8.47,9.08,8.4,
2557,6.1,6.13,6.05,
2558,28.45,28.88,27.6,
2559,20.07,20.95,20.06,
2560,0.0,0.0,0.0,
2561,7.93,8.01,7.87,
2562,17.28,17.39,17.1,
2563,5.38,5.43,5.35,
2564,10.15,10.39,10.11,
2565,10.09,10.28,10.08,
2566,11.16,11.33,11.13,
2567,7.53,7.63,7.52,
2568,5.45,5.52,5.45,
2569,14.58,14.73,14.42,
2570,18.0,19.78,17.98,
2571,41.91,42.08,40.78,
2572,14.36,14.56,14.24,
2573,10.39,10.39,10.01,
2574,25.54,25.59,25.13,
2575,8.58,8.64,8.56,
2576,0.0,0.0,0.0,
2577,33.18,34.39,33.02,
2578,10.6,10.89,10.6,
2579,8.56,8.71,8.55,
2580,24.49,25.17,24.33,
2581,5.64,5.71,5.63,
2582,6.65,6.79,6.62,
2583,22.55,23.0,22.08,
2584,0.0,0.0,0.0,
2585,0.0,0.0,0.0,
2586,26.13,27.14,26.06,
2587,10.5,10.69,10.36,
2588,17.04,17.25,16.96,
2589,13.27,13.68,13.15,
2590,50.36,50.7,50.35,
2591,8.6,8.66,8.55,
2592,10.05,10.07,9.9,
2593,7.62,8.14,7.61,
2594,5.74,5.8,5.73,
2595,6.32,6.44,6.32,
2596,18.46,19.4,18.36,
2597,0.0,0.0,0.0,
2598,0.0,0.0,0.0,
2599,35.5,36.44,35.5,
2600,6.1,6.16,6.03,
2601,27.19,27.49,26.37,
2602,7.25,7.27,7.17,
2603,9.02,9.12,8.97,
2604,14.6,14.6,14.33,
2605,5.38,5.44,5.38,
2606,10.9,11.85,10.85,
2607,30.72,30.86,30.4,
2608,8.53,8.68,8.46,
2609,14.36,14.37,14.12,
2610,8.12,8.28,8.08,
2611,10.28,10.41,10.24,
2612,8.82,8.95,8.78,
2613,6.52,6.59,6.47,
2614,6.88,6.89,6.81,
2615,10.45,10.56,10.26,
2616,11.38,11.57,11.36,
2617,4.79,4.82,4.75,
2618,23.95,23.96,23.6,
2619,6.79,6.85,6.74,
2620,18.89,19.33,18.84,
2621,12.29,12.45,12.1,
2622,21.52,21.79,21.02,
2623,15.84,15.9,15.7,
2624,7.1,7.23,7.09,
2625,12.71,12.95,12.67,
2626,11.51,11.68,11.51,
2627,21.68,21.92,21.67,
2628,6.2,6.36,6.2,
2629,32.68,32.77,31.69,
2630,0.0,0.0,0.0,
2631,23.41,23.55,22.62,
2632,20.15,20.34,19.96,
2633,14.9,15.09,14.66,
2634,12.11,12.16,11.96,
2635,11.32,11.65,11.31,
2636,4.84,4.91,4.77,
2637,4.59,4.74,4.55,
2638,116.2,116.42,114.25,
2639,6.94,7.1,6.86,
2640,17.38,18.46,17.29,
2641,17.21,17.49,17.18,
2642,8.99,9.09,8.82,
2643,14.42,14.53,14.27,
2644,8.93,9.05,8.92,
2645,0.0,0.0,0.0,
2646,7.48,7.54,7.44,
2647,11.8,12.0,11.79,
2648,45.31,45.5,43.7,
2649,14.75,15.14,14.41,
2650,14.3,14.41,14.2,
2651,7.03,7.11,6.98,
2652,13.0,13.16,12.88,
2653,0.0,0.0,0.0,
2654,5.68,5.73,5.64,
2655,33.8,34.78,33.78,
2656,9.72,10.09,9.69,
2657,11.25,11.75,11.22,
2658,9.0,9.07,8.96,
2659,5.75,5.82,5.7,
2660,14.2,14.33,14.08,
2661,29.67,29.79,29.08,
2662,7.75,7.85,7.72,
2663,10.21,10.48,10.21,
2664,14.38,14.79,14.26,
2665,5.87,5.93,5.85,
2666,8.63,8.76,8.6,
2667,16.2,16.45,16.18,
2668,7.22,7.47,7.22,
2669,23.69,24.03,23.03,
2670,5.75,5.82,5.72,
2671,39.97,42.18,39.96,
2672,9.49,9.5,9.37,
2673,3.3,3.32,3.24,
2674,23.3,23.43,23.01,
2675,8.44,8.64,8.42,
2676,4.31,4.34,4.3,
2677,15.13,15.35,14.9,
2678,9.79,10.03,9.74,
2679,2.9,3.0,2.84,
2680,14.35,14.39,14.13,
2681,7.74,7.84,7.69,
2682,0.0,0.0,0.0,
2683,6.13,6.14,5.95,
2684,16.4,17.5,16.32,
2685,4.22,4.3,4.2,
2686,6.68,6.78,6.61,
2687,11.66,11.8,11.62,
2688,20.59,20.65,20.42,
2689,19.8,19.84,19.66,
2690,18.07,18.24,17.69,
2691,10.64,10.78,10.57,
2692,6.98,7.05,6.91,
2693,8.51,8.55,8.14,
2694,13.47,13.6,13.35,
2695,12.41,12.64,12.3,
2696,10.33,10.35,10.13,
2697,7.95,8.3,7.92,
2698,8.04,8.44,7.95,
2699,16.99,17.28,16.99,
2700,17.43,17.54,17.13,
2701,14.82,14.96,14.78,
2702,4.03,4.07,4.01,
2703,10.06,10.16,10.0,
2704,10.74,10.8,10.62,
2705,23.25,23.49,22.71,
2706,10.25,10.45,10.22,
2707,11.4,11.62,11.3,
2708,11.92,12.59,11.92,
2709,10.59,10.71,10.59,
2710,11.01,11.06,10.89,
2711,60.0,60.84,58.9,
2712,9.38,9.38,9.23,
2713,4.28,4.32,4.25,
2714,18.1,18.23,17.8,
2715,6.22,6.75,6.16,
2716,5.15,5.23,5.13,
2717,8.7,8.97,8.66,
2718,19.63,20.15,19.6,
2719,18.42,18.58,18.15,
2720,12.32,12.95,12.14,
2721,7.17,7.22,7.11,
2722,0.0,0.0,0.0,
2723,5.25,5.43,5.16,
2724,9.98,10.04,9.88,
2725,8.12,8.17,8.08,
2726,7.26,7.33,7.18,
2727,7.97,8.04,7.81,
2728,17.0,17.0,16.81,
2729,20.1,20.14,19.9,
2730,7.14,7.17,7.03,
2731,12.44,12.44,12.25,
2732,10.06,10.2,9.94,
2733,9.15,9.92,9.12,
2734,8.98,9.16,8.9,
2735,5.91,6.17,5.9,
2736,17.7,17.93,17.52,
2737,4.31,4.31,4.24,
2738,7.79,7.86,7.75,
2739,18.87,19.52,18.68,
2740,10.86,11.1,10.85,
2741,12.42,12.51,12.3,
2742,15.35,15.48,15.07,
2743,12.28,12.37,12.01,
2744,12.4,12.52,12.4,
2745,9.28,9.4,9.17,
2746,5.85,5.91,5.8,
2747,10.27,10.37,10.1,
2748,16.5,16.72,16.33,
2749,33.3,33.42,32.68,
2750,9.24,9.29,9.1,
2751,21.62,21.74,21.52,
2752,0.0,0.0,0.0,
2753,15.24,15.66,14.99,
2754,10.18,10.35,10.18,
2755,17.8,17.8,17.5,
2756,8.59,8.6,8.43,
2757,12.14,12.23,12.06,
2758,7.06,7.39,7.03,
2759,9.37,9.56,9.29,
2760,4.89,4.98,4.85,
2761,27.5,27.77,27.15,
2762,39.0,41.44,38.8,
2763,13.9,13.93,13.85,
2764,4.99,5.0,4.92,
2765,11.38,11.42,11.25,
2766,8.13,8.16,8.05,
2767,22.3,23.74,22.04,
2768,13.46,13.51,13.2,
2769,6.02,6.07,5.98,
2770,7.22,7.25,7.11,
2771,6.47,6.72,6.46,
2772,5.23,5.31,5.22,
2773,0.0,0.0,0.0,
2774,10.4,10.5,10.31,
2775,10.59,10.85,10.4,
2776,6.1,6.18,6.08,
2777,8.62,8.66,8.55,
2778,0.0,0.0,0.0,
2779,5.11,5.2,5.11,
2780,8.92,9.13,8.87,
2781,0.0,0.0,0.0,
2782,18.97,19.39,18.84,
2783,11.58,11.86,11.52,
2784,5.72,5.75,5.57,
2785,13.25,13.47,13.04,
2786,9.77,9.78,9.63,
2787,3.48,3.53,3.46,
2788,26.82,27.37,26.52,
2789,7.45,7.61,7.42,
2790,32.17,32.49,31.88,
2791,0.0,0.0,0.0,
2792,9.6,9.7,9.55,
2793,9.08,9.36,9.01,
2794,12.96,12.96,12.84,
2795,9.75,10.39,9.73,
2796,5.97,6.15,5.95,
2797,14.17,14.17,14.0,
2798,13.2,13.48,13.12,
2799,17.81,18.57,17.73,
2800,7.91,7.94,7.76,
2801,11.07,11.19,11.07,
2802,11.87,11.95,11.74,
2803,16.9,16.9,16.44,
2804,7.02,7.05,6.96,
2805,14.23,14.52,14.01,
2806,7.19,7.29,7.17,
2807,8.94,8.97,8.83,
2808,4.64,4.81,4.63,
2809,5.41,5.46,5.38,
2810,2.61,2.74,2.59,
2811,0.0,0.0,0.0,
2812,11.51,11.73,11.23,
2813,11.14,11.48,11.09,
2814,12.06,12.13,11.03,
2815,9.8,9.95,9.65,
2816,10.25,10.33,10.16,
2817,8.37,8.46,8.33,
2818,10.38,10.42,10.27,
2819,0.0,0.0,0.0,
2820,8.97,9.05,8.93,
2821,45.92,46.98,45.8,
2822,19.44,19.81,19.2,
2823,7.6,7.83,7.52,
2824,19.37,19.42,19.08,
2825,10.86,10.96,10.71,
2826,9.32,9.35,9.24,
2827,17.98,17.98,17.65,
2828,12.34,12.96,12.33,
2829,0.0,0.0,0.0,
2830,14.48,14.53,14.41,
2831,19.49,21.05,19.15,
2832,6.93,7.05,6.86,
2833,11.39,11.68,11.34,
2834,12.55,12.55,12.22,
2835,10.22,10.32,10.14,
2836,6.53,6.69,6.44,
2837,8.77,8.85,8.69,
2838,0.0,0.0,0.0,
2839,4.32,4.56,4.32,
2840,21.23,21.29,20.66,
2841,8.12,8.3,8.12,
2842,5.78,5.79,5.67,
2843,0.0,0.0,0.0,
2844,7.6,7.68,7.52,
2845,8.24,8.32,8.19,
2846,35.15,35.28,34.64,
2847,17.63,17.75,17.5,
2848,9.49,9.65,9.45,
2849,13.33,14.19,13.33,
2850,8.97,9.07,8.94,
2851,22.4,22.63,22.35,
2852,5.61,5.63,5.57,
2853,12.94,13.64,12.93,
2854,5.8,6.15,5.77,
2855,11.95,12.16,11.82,
2856,17.7,17.88,17.3,
2857,6.49,6.58,6.44,
2858,6.7,6.76,6.7,
2859,0.0,0.0,0.0,
2860,15.47,16.38,15.45,
2861,26.35,27.65,25.95,
2862,9.31,9.4,9.13,
2863,9.29,9.75,9.28,
2864,14.91,14.97,14.6,
2865,5.52,5.56,5.41,
2866,0.0,0.0,0.0,
2867,22.31,22.48,21.73,
2868,8.01,8.05,7.95,
2869,0.0,0.0,0.0,
2870,10.18,10.26,10.06,
2871,4.99,4.99,4.99,
2872,7.97,8.09,7.94,
2873,9.68,10.13,9.67,
2874,5.9,5.99,5.87,
2875,10.33,10.52,10.26,
2876,8.22,8.42,8.21,
2877,4.9,5.09,4.89,
2878,10.65,10.71,10.57,
2879,5.29,5.42,5.27,
2880,15.35,16.1,15.17,
2881,3.85,3.87,3.82,
2882,7.45,7.59,7.39,
2883,21.12,21.51,21.07,
2884,12.94,13.14,12.82,
2885,10.71,11.08,10.51,
2886,20.5,20.57,20.21,
2887,14.85,14.91,14.7,
2888,11.42,11.5,11.36,
2889,5.65,5.69,5.58,
2890,18.41,18.86,18.31,
2891,18.38,19.71,18.29,
2892,47.66,48.19,46.58,
2893,23.7,23.96,23.33,
2894,7.52,7.53,7.46,
2895,9.31,9.55,9.3,
2896,17.0,17.91,17.0,
2897,21.28,22.01,21.28,
2898,12.35,12.95,12.35,
2899,13.45,13.5,13.27,
2900,12.95,12.95,12.59,
2901,12.6,12.68,12.48,
2902,15.51,15.69,15.51,
2903,31.01,31.59,30.97,
2904,0.0,0.0,0.0,
2905,16.42,16.55,16.1,
2906,30.12,32.1,30.12,
2907,55.5,55.8,54.88,
2908,0.0,0.0,0.0,
2909,40.17,41.15,40.17,
2910,2.69,2.74,2.68,
2911,18.6,18.74,18.51,
2912,8.26,8.35,8.25,
2913,16.0,16.52,15.93,
2914,14.11,14.51,13.98,
2915,8.06,8.16,8.05,
2916,22.59,23.35,22.51,
2917,12.3,12.55,12.17,
2918,10.36,10.49,10.3,
2919,13.61,13.84,13.54,
2920,4.31,4.38,4.22,
2921,11.58,11.63,11.44,
2922,22.59,23.03,22.29,
2923,7.06,7.27,6.98,
2924,8.73,9.06,8.68,
2925,10.89,11.24,10.8,
2926,0.0,0.0,0.0,
2927,12.04,12.08,11.92,
2928,10.8,10.9,10.72,
2929,0.0,0.0,0.0,
2930,8.05,8.15,8.02,
2931,16.1,16.18,16.02,
2932,17.39,17.71,17.03,
2933,49.54,50.28,48.63,
2934,26.88,28.21,26.88,
2935,7.2,7.3,7.15,
2936,0.0,0.0,0.0,
2937,0.0,0.0,0.0,
2938,11.45,11.59,11.32,
2939,6.87,6.98,6.8,
2940,37.8,40.12,37.08,
2941,19.52,20.48,19.52,
2942,13.6,14.36,13.34,
2943,5.44,5.49,5.42,
2944,6.32,6.36,6.29,
2945,27.0,27.17,26.75,
2946,25.6,25.9,25.4,
2947,18.02,18.96,18.02,
2948,15.1,15.57,15.05,
2949,0.0,0.0,0.0,
2950,7.9,8.03,7.88,
2951,17.21,17.39,17.13,
2952,18.54,18.58,18.39,
2953,16.64,16.75,16.43,
2954,9.86,10.07,9.86,
2955,20.88,21.26,20.61,
2956,10.2,10.62,10.17,
2957,3.68,3.68,3.68,
2958,8.8,8.9,8.71,
2959,11.96,12.16,11.84,
2960,0.0,0.0,0.0,
2961,8.29,8.36,8.26,
2962,20.0,20.27,19.82,
2963,8.16,8.38,8.15,
2964,13.4,13.51,13.37,
2965,6.01,6.1,6.01,
2966,4.2,4.24,4.15,
2967,0.0,0.0,0.0,
2968,14.38,14.55,14.22,
2969,8.92,9.03,8.91,
2970,16.62,17.03,16.48,
2971,10.1,10.1,9.43,
2972,3.86,3.9,3.85,
2973,5.71,5.84,5.68,
2974,53.87,54.7,53.36,
2975,8.55,8.61,8.49,
2976,6.64,6.84,6.56,
2977,13.25,13.36,13.13,
2978,6.0,6.15,5.99,
2979,4.98,5.03,4.95,
2980,11.34,11.84,11.17,
2981,6.76,6.76,6.65,
2982,8.18,8.3,8.09,
2983,14.35,14.79,14.13,
2984,17.42,17.91,17.38,
2985,0.0,0.0,0.0,
2986,4.48,4.64,4.45,
2987,10.26,10.39,10.22,
2988,0.0,0.0,0.0,
2989,72.4,73.09,71.08,
2990,5.82,6.04,5.81,
2991,6.73,6.83,6.71,
2992,16.75,17.6,16.52,
2993,10.22,10.57,10.1,
2994,8.34,8.52,8.24,
2995,6.98,7.05,6.88,
2996,0.0,0.0,0.0,
2997,11.83,11.9,11.74,
2998,6.54,6.61,6.47,
2999,4.56,4.61,4.49,
3000,0.0,0.0,0.0,
3001,15.46,16.02,15.39,
3002,22.83,23.35,22.62,
3003,8.44,8.53,8.38,
3004,13.95,14.34,13.95,
3005,9.63,9.8,9.63,
3006,8.8,8.91,8.8,
3007,6.98,7.13,6.92,
3008,9.08,9.14,8.86,
3009,30.18,31.14,30.18,
3010,19.99,20.13,19.7,
3011,5.55,5.89,5.55,
3012,9.3,9.39,9.26,
3013,23.0,24.1,22.97,
3014,10.54,10.64,10.48,
3015,6.08,6.17,6.04,
3016,7.31,7.55,7.25,
3017,10.56,10.66,10.53,
3018,3.48,3.52,3.46,
3019,9.84,10.38,9.76,
3020,23.35,23.64,23.35,
3021,0.0,0.0,0.0,
3022,5.92,6.03,5.9,
3023,6.35,6.62,6.34,
3024,3.4,3.47,3.39,
3025,26.73,27.51,26.73,
3026,9.5,9.53,9.16,
3027,7.8,7.96,7.74,
3028,6.61,6.83,6.61,
3029,13.49,13.49,13.11,
3030,10.78,11.15,10.78,
3031,18.2,18.27,17.99,
3032,7.43,7.46,7.27,
3033,15.45,17.03,15.41,
3034,4.65,4.74,4.63,
3035,3.05,3.07,3.01,
3036,13.2,13.2,12.95,
3037,9.2,9.24,9.15,
3038,14.3,14.45,14.04,
3039,10.47,10.97,10.41,
3040,7.47,7.56,7.44,
3041,3.87,3.91,3.87,
3042,37.56,38.45,37.56,
3043,8.4,9.08,8.23,
3044,5.31,5.37,5.29,
3045,4.87,4.9,4.83,
3046,3.02,3.04,3.01,
3047,19.18,19.29,19.07,
3048,4.23,4.28,4.2,
3049,80.2,81.0,78.33,
3050,20.6,21.2,20.25,
3051,9.69,9.92,9.69,
3052,8.55,8.68,8.5,
3053,4.57,4.63,4.55,
3054,9.49,9.51,9.35,
3055,9.68,9.99,9.5,
3056,5.87,6.08,5.87,
3057,6.16,6.21,6.12,
3058,4.17,4.22,4.14,
3059,8.28,8.3,8.23,
3060,6.84,6.89,6.79,
3061,12.35,12.65,12.2,
3062,15.99,17.34,15.98,
3063,9.52,9.58,9.45,
3064,11.11,11.29,11.11,
3065,33.24,33.27,32.73,
3066,4.97,5.09,4.96,
3067,13.59,13.85,13.29,
3068,9.07,9.47,9.02,
3069,12.48,12.56,12.21,
3070,0.0,0.0,0.0,
3071,12.47,12.98,12.45,
3072,13.05,13.5,12.9,
3073,3.21,3.24,3.19,
3074,15.3,15.3,14.9,
3075,8.65,9.27,8.65,
3076,0.0,0.0,0.0,
3077,7.9,8.02,7.86,
3078,6.96,7.05,6.94,
3079,3.8,3.87,3.77,
3080,10.34,10.67,10.1,
3081,0.0,0.0,0.0,
3082,23.36,23.36,22.66,
3083,14.3,14.45,14.02,
3084,5.71,6.14,5.68,
3085,10.74,10.92,10.66,
3086,27.3,27.56,27.04,
3087,8.38,8.53,8.38,
3088,11.01,11.32,10.99,
3089,14.09,14.26,13.83,
3090,6.21,6.28,6.16,
3091,9.99,10.1,9.91,
3092,14.0,14.19,13.83,
3093,8.02,8.1,7.96,
3094,0.0,0.0,0.0,
3095,10.54,11.56,10.5,
3096,8.72,8.76,8.65,
3097,22.5,24.7,22.5,
3098,9.9,9.94,9.85,
3099,7.86,7.95,7.85,
3100,7.9,8.01,7.89,
3101,5.0,5.08,5.0,
3102,14.03,14.2,13.92,
3103,5.22,5.35,5.22,
3104,14.89,15.56,14.89,
3105,16.72,17.13,16.68,
3106,16.89,17.14,16.83,
3107,2.94,2.98,2.92,
3108,0.0,0.0,0.0,
3109,15.73,15.85,15.53,
3110,5.2,5.34,5.2,
3111,5.83,5.96,5.73,
3112,9.66,9.72,9.36,
3113,6.45,6.48,6.4,
3114,0.0,0.0,0.0,
3115,14.06,14.12,13.88,
3116,6.91,6.99,6.81,
3117,3.81,3.85,3.81,
3118,13.68,14.0,13.54,
3119,5.15,5.18,5.11,
3120,4.91,4.96,4.9,
3121,6.49,6.55,6.46,
3122,15.29,15.44,15.25,
3123,4.68,4.83,4.65,
3124,16.0,17.6,15.98,
3125,8.07,8.07,7.8,
3126,14.87,14.95,14.72,
3127,20.72,22.02,20.72,
3128,8.03,8.42,7.99,
3129,6.66,6.7,6.49,
3130,11.05,11.2,10.98,
3131,2.4,2.61,2.39,
3132,10.93,10.99,10.89,
3133,5.83,5.85,5.66,
3134,6.9,6.93,6.88,
3135,9.38,9.38,9.15,
3136,5.7,5.7,5.61,
3137,4.41,4.48,4.4,
3138,9.05,9.26,9.05,
3139,4.34,4.55,4.32,
3140,8.85,9.4,8.8,
3141,5.58,5.69,5.5,
3142,9.56,9.64,9.47,
3143,6.88,6.91,6.84,
3144,17.03,17.48,17.03,
3145,12.79,12.86,12.64,
3146,56.7,56.7,54.01,
3147,3.9,3.97,3.88,
3148,11.45,11.84,11.35,
3149,5.55,5.7,5.52,
3150,8.27,8.29,8.19,
3151,21.48,23.73,21.41,
3152,6.92,6.98,6.86,
3153,10.01,10.09,9.95,
3154,5.68,5.74,5.67,
3155,5.89,6.19,5.89,
3156,23.07,23.29,22.98,
3157,0.0,0.0,0.0,
3158,0.0,0.0,0.0,
3159,5.29,5.36,5.21,
3160,7.75,7.94,7.67,
3161,8.03,8.29,8.0,
3162,0.0,0.0,0.0,
3163,10.44,10.65,10.44,
3164,8.79,8.89,8.78,
3165,10.25,10.39,10.22,
3166,2.96,3.03,2.96,
3167,4.65,4.7,4.62,
3168,19.5,19.67,19.26,
3169,5.1,5.27,5.08,
3170,7.07,7.15,7.07,
3171,0.0,0.0,0.0,
3172,4.0,4.2,3.98,
3173,11.17,11.29,11.12,
3174,13.15,13.45,12.91,
3175,9.73,10.69,9.73,
3176,8.09,8.66,8.09,
3177,6.9,6.94,6.71,
3178,14.35,14.55,14.3,
3179,15.0,15.28,14.97,
3180,3.04,3.1,3.04,
3181,19.37,19.6,19.11,
3182,10.08,10.14,10.04,
3183,17.88,18.53,17.87,
3184,14.88,15.0,14.7,
3185,182.77,184.0,177.01,
3186,4.64,4.71,4.58,
3187,12.39,12.58,12.33,
3188,4.99,5.06,4.98,
3189,7.1,7.45,7.06,
3190,4.4,4.48,4.4,
3191,44.2,45.2,44.18,
3192,5.22,5.28,5.22,
3193,18.94,19.09,18.73,
3194,0.0,0.0,0.0,
3195,5.97,6.1,5.94,
3196,12.1,12.44,11.68,
3197,14.58,15.38,14.49,
3198,10.12,10.47,10.01,
3199,6.12,6.2,6.08,
3200,4.31,4.4,4.3,
3201,2.93,2.97,2.91,
3202,0.0,0.0,0.0,
3203,8.35,8.44,8.35,
3204,8.02,8.12,7.96,
3205,13.16,13.33,13.13,
3206,12.61,12.78,12.55,
3207,22.5,22.72,22.32,
3208,4.7,4.75,4.62,
3209,5.71,5.84,5.67,
3210,8.4,8.4,8.18,
3211,14.77,15.0,14.58,
3212,3.35,3.41,3.34,
3213,0.0,0.0,0.0,
3214,7.87,8.06,7.69,
3215,9.37,9.39,9.19,
3216,7.8,8.16,7.79,
3217,11.72,11.87,11.68,
3218,10.81,11.14,10.74,
3219,6.27,6.39,6.24,
3220,6.06,6.13,6.06,
3221,8.9,9.05,8.8,
3222,17.9,18.08,17.68,
3223,12.03,12.37,11.98,
3224,7.2,7.24,7.15,
3225,7.71,7.89,7.7,
3226,6.31,6.39,6.25,
3227,5.43,5.46,5.4,
3228,11.84,12.04,11.77,
3229,65.93,67.48,65.1,
3230,5.45,5.47,5.26,
3231,8.97,9.25,8.95,
3232,0.0,0.0,0.0,
3233,5.77,5.88,5.68,
3234,15.4,15.47,15.01,
3235,4.67,4.72,4.66,
3236,7.01,7.14,6.98,
3237,18.09,18.09,17.75,
3238,0.0,0.0,0.0,
3239,14.73,14.95,14.72,
3240,9.49,10.02,9.47,
3241,23.85,24.25,23.82,
3242,16.99,17.04,16.86,
3243,4.71,4.85,4.71,
3244,4.58,4.66,4.56,
3245,5.4,5.84,5.35,
3246,5.6,5.67,5.55,
3247,66.5,66.79,65.1,
3248,24.14,24.49,23.74,
3249,0.0,0.0,0.0,
3250,7.13,7.28,7.13,
3251,0.0,0.0,0.0,
3252,4.27,4.3,4.23,
3253,8.59,8.67,8.54,
3254,9.52,10.04,9.51,
3255,10.0,10.4,9.87,
3256,4.95,5.04,4.94,
3257,0.0,0.0,0.0,
3258,11.81,11.99,11.81,
3259,8.12,8.43,8.09,
3260,15.92,16.69,15.8,
3261,3.52,3.6,3.51,
3262,8.3,8.31,8.2,
3263,16.33,16.52,16.28,
3264,6.59,6.69,6.57,
3265,0.0,0.0,0.0,
3266,18.01,18.1,17.5,
3267,5.06,5.16,5.03,
3268,14.56,14.69,14.53,
3269,5.02,5.08,5.01,
3270,9.25,9.3,9.18,
3271,0.0,0.0,0.0,
3272,4.82,4.86,4.82,
3273,102.41,103.1,100.99,
3274,12.77,14.0,12.75,
3275,4.89,4.89,4.79,
3276,13.8,14.29,13.78,
3277,10.6,10.63,10.57,
3278,10.49,10.58,10.44,
3279,7.95,8.06,7.95,
3280,5.28,5.41,5.27,
3281,6.78,6.95,6.78,
3282,8.56,8.86,8.56,
3283,0.0,0.0,0.0,
3284,20.1,22.17,20.1,
3285,11.41,11.55,11.4,
3286,7.95,7.97,7.86,
3287,5.07,5.19,5.07,
3288,4.02,4.06,4.01,
3289,9.8,10.07,9.6,
3290,6.86,6.98,6.84,
3291,3.38,3.47,3.38,
3292,0.0,0.0,0.0,
3293,6.13,6.57,6.13,
3294,66.58,67.49,66.12,
3295,0.0,0.0,0.0,
3296,8.88,8.88,8.67,
3297,0.0,0.0,0.0,
3298,10.1,10.23,10.0,
3299,7.4,7.44,7.37,
3300,8.4,8.53,8.36,
3301,23.48,23.95,23.1,
3302,44.05,44.5,42.51,
3303,10.85,11.1,10.85,
3304,15.99,16.41,15.99,
3305,6.69,6.92,6.69,
3306,16.6,17.4,16.59,
3307,8.55,8.63,8.54,
3308,8.12,8.17,8.1,
3309,4.16,4.18,4.1,
3310,9.91,10.08,9.73,
3311,4.65,4.84,4.61,
3312,60.27,61.33,60.27,
3313,4.07,4.18,4.06,
3314,6.21,6.31,6.21,
3315,3.14,3.21,3.13,
3316,6.06,6.15,6.05,
3317,67.3,67.5,66.6,
3318,7.89,7.99,7.78,
3319,7.14,7.24,7.09,
3320,5.78,5.94,5.73,
3321,9.39,9.55,9.34,
3322,19.9,20.18,19.9,
3323,10.2,10.24,9.9,
3324,5.25,5.36,5.21,
3325,17.72,17.88,17.53,
3326,7.72,7.89,7.67,
3327,6.3,6.32,6.26,
3328,29.7,30.24,29.7,
3329,11.16,11.45,11.14,
3330,0.0,0.0,0.0,
3331,13.22,13.27,13.1,
3332,8.35,8.66,8.34,
3333,56.15,57.08,56.02,
3334,5.31,5.42,5.29,
3335,5.37,5.4,5.33,
3336,5.27,5.35,5.26,
3337,7.96,8.05,7.9,
3338,4.45,4.59,4.45,
3339,0.0,0.0,0.0,
3340,6.03,6.2,5.98,
3341,7.92,7.96,7.86,
3342,12.34,12.58,12.27,
3343,30.59,30.71,29.82,
3344,3.88,3.94,3.88,
3345,9.03,9.15,9.0,
3346,13.13,13.3,13.13,
3347,10.05,10.35,10.05,
3348,8.7,8.75,8.66,
3349,7.64,7.71,7.6,
3350,5.89,5.97,5.84,
3351,9.38,9.39,9.25,
3352,8.5,9.15,8.5,
3353,5.09,5.55,5.07,
3354,7.3,7.37,7.13,
3355,18.08,18.22,17.85,
3356,36.48,36.6,34.78,
3357,23.5,23.74,23.5,
3358,7.66,7.75,7.66,
3359,11.26,11.32,11.12,
3360,9.58,10.19,9.54,
3361,7.38,7.5,7.38,
3362,0.0,0.0,0.0,
3363,6.07,6.18,6.06,
3364,19.76,19.94,19.56,
3365,39.91,40.18,39.22,
3366,20.09,20.16,19.77,
3367,7.46,7.72,7.44,
3368,9.79,9.84,9.71,
3369,9.75,9.93,9.72,
3370,16.2,16.48,16.2,
3371,14.06,14.19,13.7,
3372,22.75,23.19,22.56,
3373,20.93,20.98,20.31,
3374,7.0,7.09,6.72,
3375,9.0,9.41,9.0,
3376,0.0,0.0,0.0,
3377,0.0,0.0,0.0,
3378,0.0,0.0,0.0,
3379,0.0,0.0,0.0,
3380,8.11,8.17,8.07,
3381,0.0,0.0,0.0,
3382,60.32,61.71,60.03,
3383,6.07,6.11,6.06,
3384,11.29,11.4,11.25,
3385,38.15,38.9,38.15,
3386,20.41,20.97,20.32,
3387,0.0,0.0,0.0,
3388,9.86,9.9,9.65,
3389,14.18,14.4,14.12,
3390,0.0,0.0,0.0,
3391,6.24,6.26,6.14,
3392,6.18,6.27,6.18,
3393,6.06,6.16,6.03,
3394,10.78,11.05,10.75,
3395,8.34,8.72,8.33,
3396,16.86,17.23,16.8,
3397,5.38,5.49,5.33,
3398,7.27,7.33,7.23,
3399,8.75,8.82,8.7,
3400,0.0,0.0,0.0,
3401,0.0,0.0,0.0,
3402,4.15,4.5,4.15,
3403,22.29,22.49,22.0,
3404,31.45,32.99,31.45,
3405,13.35,13.93,13.32,
3406,0.805,0.835,0.805,
3407,0.697,0.706,0.697,
3408,0.466,0.473,0.464,
3409,1.64,1.66,1.63,
3410,4.95,5.05,4.94,
3411,0.0,0.0,0.0,
3412,3.79,3.81,3.76,
3413,0.0,0.0,0.0,
3414,6.43,6.49,6.41,
3415,10.25,10.42,10.09,
3416,0.0,0.0,0.0,
3417,0.0,0.0,0.0,
3418,6.92,6.92,6.8,
3419,15.55,15.55,15.3,
3420,5.83,6.09,5.83,
3421,12.92,12.92,12.72,
3422,4.39,4.5,4.38,
3423,0.0,0.0,0.0,
3424,23.5,23.8,23.16,
3425,46.01,46.7,45.6,
3426,6.63,6.7,6.61,
3427,2.73,2.76,2.72,
3428,0.0,0.0,0.0,
3429,7.54,7.66,7.53,
3430,3.09,3.26,3.07,
3431,7.26,7.93,7.09,
3432,0.0,0.0,0.0,
3433,6.74,6.8,6.74,
3434,6.15,6.15,6.15,
3435,3.65,3.99,3.63,
3436,10.53,10.55,10.29,
3437,0.0,0.0,0.0,
3438,5.43,5.55,5.33,
3439,7.09,7.15,6.99,
3440,14.95,15.21,14.81,
3441,7.92,8.2,7.87,
3442,7.0,7.05,6.96,
3443,4.92,4.96,4.91,
3444,0.0,0.0,0.0,
3445,15.48,15.48,15.13,
3446,0.0,0.0,0.0,
3447,3.92,3.96,3.88,
3448,5.25,5.36,5.15,
3449,3.16,3.21,3.15,
3450,4.7,4.75,4.68,
3451,1.15,1.17,1.15,
3452,5.61,5.65,5.6,
3453,7.9,8.08,7.73,
3454,9.44,9.44,9.44,
3455,5.93,6.05,5.93,
3456,0.0,0.0,0.0,
3457,9.05,9.13,8.82,
3458,0.0,0.0,0.0,
3459,13.84,13.99,13.72,
3460,11.29,11.9,11.12,
3461,5.04,5.09,5.01,
3462,6.49,6.64,6.47,
3463,4.05,4.09,4.03,
3464,10.38,10.7,10.38,
3465,0.0,0.0,0.0,
3466,6.01,6.21,6.01,
3467,0.0,0.0,0.0,
3468,5.69,5.73,5.66,
3469,0.0,0.0,0.0,
3470,9.38,9.38,9.38,
3471,16.71,18.0,16.7,
3472,8.49,8.5,8.43,
